{
  "tr_no": {
    "previously-announced-by-all-newcomers": 0.0743801652892562,
    "irr-RADB-all-newcomer-exact-record": 0.04132231404958678
  },
  "tr_yes": {
    "not-previously-announced-by-any-newcomer": 0.9958677685950413,
    "irr-LACNIC-all-newcomer-no-record": 0.8471074380165289,
    "hegemony-valley-paths": 0.6942148760330579,
    "irr-RADB-all-newcomer-no-record": 0.6157024793388429,
    "prefix-small-edit-distance": 0.371900826446281,
    "irr-LACNIC-all-oldcomer-no-record": 0.21074380165289255,
    "irr-RADB-all-oldcomer-no-record": 0.1115702479338843,
    "rpki-some-newcomer-invalid-roa": 0.0743801652892562,
    "rpki-all-newcomer-invalid-roa": 0.0743801652892562,
    "irr-NESTEGG-all-newcomer-no-record": 0.06611570247933884,
    "irr-RIPE-NONAUTH-all-newcomer-no-record": 0.06611570247933884,
    "irr-JPIRR-all-newcomer-no-record": 0.06611570247933884,
    "irr-OPENFACE-all-newcomer-no-record": 0.06611570247933884,
    "irr-REACH-all-newcomer-no-record": 0.06611570247933884,
    "irr-AFRINIC-all-newcomer-no-record": 0.06611570247933884,
    "irr-IDNIC-all-newcomer-no-record": 0.06611570247933884,
    "irr-LEVEL3-all-newcomer-no-record": 0.06611570247933884,
    "irr-BBOI-all-newcomer-no-record": 0.06611570247933884,
    "irr-WCGDB-all-newcomer-no-record": 0.06611570247933884,
    "irr-TC-all-newcomer-no-record": 0.06611570247933884,
    "irr-CANARIE-all-newcomer-no-record": 0.06611570247933884,
    "irr-PANIX-all-newcomer-no-record": 0.06611570247933884,
    "irr-BELL-all-newcomer-no-record": 0.06611570247933884,
    "irr-APNIC-all-newcomer-no-record": 0.06611570247933884,
    "irr-ARIN-all-newcomer-no-record": 0.06611570247933884,
    "irr-RIPE-all-newcomer-no-record": 0.06611570247933884,
    "irr-ALTDB-all-newcomer-no-record": 0.06611570247933884,
    "irr-NTTCOM-all-newcomer-no-record": 0.05785123966942149,
    "irr-CANARIE-all-oldcomer-no-record": 0.0371900826446281,
    "irr-BBOI-all-oldcomer-no-record": 0.0371900826446281,
    "irr-RIPE-all-oldcomer-no-record": 0.0371900826446281,
    "irr-AFRINIC-all-oldcomer-no-record": 0.0371900826446281,
    "irr-OPENFACE-all-oldcomer-no-record": 0.0371900826446281,
    "irr-PANIX-all-oldcomer-no-record": 0.0371900826446281,
    "irr-LEVEL3-all-oldcomer-no-record": 0.0371900826446281,
    "irr-WCGDB-all-oldcomer-no-record": 0.0371900826446281,
    "irr-RIPE-NONAUTH-all-oldcomer-no-record": 0.0371900826446281,
    "irr-BELL-all-oldcomer-no-record": 0.0371900826446281,
    "irr-TC-all-oldcomer-no-record": 0.0371900826446281,
    "irr-NESTEGG-all-oldcomer-no-record": 0.0371900826446281,
    "irr-IDNIC-all-oldcomer-no-record": 0.0371900826446281,
    "irr-APNIC-all-oldcomer-no-record": 0.0371900826446281,
    "irr-JPIRR-all-oldcomer-no-record": 0.0371900826446281,
    "irr-REACH-all-oldcomer-no-record": 0.0371900826446281,
    "irr-ARIN-all-oldcomer-no-record": 0.0371900826446281,
    "irr-ALTDB-all-oldcomer-no-record": 0.0371900826446281,
    "irr-NTTCOM-all-oldcomer-no-record": 0.03305785123966942,
    "irr-RADB-some-oldcomer-no-record": 0.02066115702479339,
    "rpki-some-oldcomer-invalid-roa": 0.004132231404958678,
    "rpki-all-oldcomer-invalid-roa": 0.004132231404958678,
    "irr-RADB-some-newcomer-no-record": 0.004132231404958678
  },
  "tr_na": {
    "rpki-all-newcomer-unknown-roa": 0.9297520661157025,
    "rpki-some-newcomer-unknown-roa": 0.9297520661157025,
    "newcomer-more-specific": 0.7396694214876033,
    "all-origins-same-country": 0.7272727272727273,
    "outdated-info": 0.7272727272727273,
    "rpki-all-oldcomer-unknown-roa": 0.359504132231405,
    "rpki-some-oldcomer-unknown-roa": 0.359504132231405,
    "some-victims-stub-ases": 0.2190082644628099,
    "irr-RADB-all-newcomer-more-specific-record": 0.21074380165289255,
    "all-victims-stub-ases": 0.2066115702479339,
    "single-Tier-1-upstream-on-subpaths-2-hops": 0.16115702479338842,
    "previously-announced-by-some-newcomers": 0.07851239669421488,
    "rpki-newcomer-invalid-roa-due-to-as": 0.0743801652892562,
    "irr-RADB-all-oldcomer-exact-record": 0.045454545454545456,
    "oldcomer-path-prepending": 0.045454545454545456,
    "irr-RADB-all-oldcomer-more-specific-record": 0.04132231404958678,
    "irr-RADB-some-oldcomer-exact-record": 0.02066115702479339,
    "has-dps-asn": 0.012396694214876033,
    "irr-NTTCOM-all-newcomer-more-specific-record": 0.008264462809917356,
    "rpki-oldcomer-invalid-roa-due-to-as": 0.004132231404958678,
    "irr-RADB-some-newcomer-more-specific-record": 0.004132231404958678,
    "irr-NTTCOM-all-oldcomer-more-specific-record": 0.004132231404958678
  }
}