{
  "tr_no": {},
  "tr_yes": {
    "irr-LACNIC-all-newcomer-no-record": 0.9981308411214953,
    "not-previously-announced-by-any-newcomer": 0.9981308411214953,
    "irr-RADB-all-newcomer-no-record": 0.9981308411214953,
    "irr-ALTDB-all-newcomer-no-record": 0.9775700934579439,
    "irr-NESTEGG-all-newcomer-no-record": 0.9775700934579439,
    "irr-OPENFACE-all-newcomer-no-record": 0.9775700934579439,
    "irr-JPIRR-all-newcomer-no-record": 0.9775700934579439,
    "irr-NTTCOM-all-newcomer-no-record": 0.9775700934579439,
    "irr-TC-all-newcomer-no-record": 0.9775700934579439,
    "irr-PANIX-all-newcomer-no-record": 0.9775700934579439,
    "irr-LEVEL3-all-newcomer-no-record": 0.9775700934579439,
    "irr-WCGDB-all-newcomer-no-record": 0.9775700934579439,
    "irr-BELL-all-newcomer-no-record": 0.9775700934579439,
    "irr-CANARIE-all-newcomer-no-record": 0.9775700934579439,
    "irr-BBOI-all-newcomer-no-record": 0.9775700934579439,
    "irr-ARIN-all-newcomer-no-record": 0.9775700934579439,
    "irr-APNIC-all-newcomer-no-record": 0.9775700934579439,
    "irr-AFRINIC-all-newcomer-no-record": 0.9775700934579439,
    "irr-RIPE-NONAUTH-all-newcomer-no-record": 0.9775700934579439,
    "irr-REACH-all-newcomer-no-record": 0.9775700934579439,
    "irr-RIPE-all-newcomer-no-record": 0.9775700934579439,
    "irr-IDNIC-all-newcomer-no-record": 0.9775700934579439,
    "rpki-some-newcomer-invalid-roa": 0.9364485981308411,
    "rpki-all-newcomer-invalid-roa": 0.9345794392523364,
    "irr-LACNIC-all-oldcomer-no-record": 0.685981308411215,
    "irr-WCGDB-all-oldcomer-no-record": 0.6822429906542056,
    "irr-NTTCOM-all-oldcomer-no-record": 0.6822429906542056,
    "irr-LEVEL3-all-oldcomer-no-record": 0.6822429906542056,
    "irr-BELL-all-oldcomer-no-record": 0.6822429906542056,
    "irr-AFRINIC-all-oldcomer-no-record": 0.6822429906542056,
    "irr-CANARIE-all-oldcomer-no-record": 0.6822429906542056,
    "irr-REACH-all-oldcomer-no-record": 0.6822429906542056,
    "irr-IDNIC-all-oldcomer-no-record": 0.6822429906542056,
    "irr-APNIC-all-oldcomer-no-record": 0.6822429906542056,
    "irr-RIPE-NONAUTH-all-oldcomer-no-record": 0.6822429906542056,
    "irr-NESTEGG-all-oldcomer-no-record": 0.6822429906542056,
    "irr-ALTDB-all-oldcomer-no-record": 0.6822429906542056,
    "irr-ARIN-all-oldcomer-no-record": 0.6822429906542056,
    "irr-JPIRR-all-oldcomer-no-record": 0.6822429906542056,
    "irr-PANIX-all-oldcomer-no-record": 0.6822429906542056,
    "irr-TC-all-oldcomer-no-record": 0.6822429906542056,
    "irr-OPENFACE-all-oldcomer-no-record": 0.6822429906542056,
    "irr-BBOI-all-oldcomer-no-record": 0.6822429906542056,
    "irr-RADB-all-oldcomer-no-record": 0.6130841121495327,
    "hegemony-valley-paths": 0.5981308411214953,
    "irr-RIPE-all-oldcomer-no-record": 0.10841121495327102,
    "prefix-small-edit-distance": 0.0616822429906542,
    "rpki-some-oldcomer-invalid-roa": 0.001869158878504673,
    "rpki-all-oldcomer-invalid-roa": 0.001869158878504673
  },
  "tr_na": {
    "all-origins-same-country": 0.9813084112149533,
    "rpki-newcomer-invalid-roa-due-to-as": 0.9364485981308411,
    "newcomers-always-on-oldcomer-originated-paths": 0.891588785046729,
    "some-victims-stub-ases": 0.7850467289719626,
    "all-victims-stub-ases": 0.7850467289719626,
    "rpki-all-oldcomer-valid-roa": 0.6560747663551402,
    "rpki-some-oldcomer-valid-roa": 0.6560747663551402,
    "irr-RIPE-all-oldcomer-exact-record": 0.5383177570093458,
    "outdated-info": 0.5102803738317757,
    "newcomer-more-specific": 0.31401869158878504,
    "oldcomer-path-prepending": 0.07102803738317758,
    "rpki-some-newcomer-unknown-roa": 0.06355140186915888,
    "rpki-all-newcomer-unknown-roa": 0.06355140186915888,
    "irr-RADB-all-oldcomer-more-specific-record": 0.03925233644859813,
    "irr-RIPE-all-oldcomer-more-specific-record": 0.037383177570093455,
    "irr-RADB-all-oldcomer-exact-record": 0.03551401869158879,
    "rpki-all-oldcomer-unknown-roa": 0.029906542056074768,
    "rpki-some-oldcomer-unknown-roa": 0.029906542056074768,
    "rpki-oldcomer-invalid-roa-due-to-length": 0.001869158878504673,
    "some-newcomers-stub-ases": 0.001869158878504673,
    "some-newcomers-are-providers": 0.001869158878504673,
    "rpki-some-newcomer-valid-roa": 0.001869158878504673,
    "some-newcomers-are-rel-upstream": 0.001869158878504673,
    "previously-announced-by-some-newcomers": 0.001869158878504673,
    "some-newcomers-are-rel-neighbor": 0.001869158878504673,
    "some-newcomer-announced-no-pfxs": 0.001869158878504673
  }
}