{
  "tr_no": {
    "previously-announced-by-all-newcomers": 0.005263157894736842
  },
  "tr_yes": {
    "not-previously-announced-by-any-newcomer": 1.0,
    "irr-RADB-all-newcomer-no-record": 0.9842105263157894,
    "irr-LACNIC-all-newcomer-no-record": 0.9842105263157894,
    "irr-IDNIC-all-newcomer-no-record": 0.9157894736842105,
    "irr-ARIN-all-newcomer-no-record": 0.9157894736842105,
    "irr-CANARIE-all-newcomer-no-record": 0.9157894736842105,
    "irr-TC-all-newcomer-no-record": 0.9157894736842105,
    "irr-BELL-all-newcomer-no-record": 0.9157894736842105,
    "irr-APNIC-all-newcomer-no-record": 0.9157894736842105,
    "irr-JPIRR-all-newcomer-no-record": 0.9157894736842105,
    "irr-RIPE-all-newcomer-no-record": 0.9157894736842105,
    "irr-NTTCOM-all-newcomer-no-record": 0.9157894736842105,
    "irr-NESTEGG-all-newcomer-no-record": 0.9157894736842105,
    "irr-WCGDB-all-newcomer-no-record": 0.9157894736842105,
    "irr-OPENFACE-all-newcomer-no-record": 0.9157894736842105,
    "irr-ALTDB-all-newcomer-no-record": 0.9157894736842105,
    "irr-PANIX-all-newcomer-no-record": 0.9157894736842105,
    "irr-AFRINIC-all-newcomer-no-record": 0.9157894736842105,
    "irr-BBOI-all-newcomer-no-record": 0.9157894736842105,
    "irr-LEVEL3-all-newcomer-no-record": 0.9157894736842105,
    "irr-RIPE-NONAUTH-all-newcomer-no-record": 0.9157894736842105,
    "irr-REACH-all-newcomer-no-record": 0.9157894736842105,
    "hegemony-valley-paths": 0.45263157894736844,
    "prefix-small-edit-distance": 0.21578947368421053,
    "irr-LACNIC-all-oldcomer-no-record": 0.1631578947368421,
    "irr-RADB-all-oldcomer-no-record": 0.15263157894736842,
    "irr-TC-all-oldcomer-no-record": 0.14736842105263157,
    "irr-RIPE-NONAUTH-all-oldcomer-no-record": 0.14736842105263157,
    "irr-WCGDB-all-oldcomer-no-record": 0.14736842105263157,
    "irr-LEVEL3-all-oldcomer-no-record": 0.14736842105263157,
    "irr-NESTEGG-all-oldcomer-no-record": 0.14736842105263157,
    "irr-BBOI-all-oldcomer-no-record": 0.14736842105263157,
    "irr-REACH-all-oldcomer-no-record": 0.14736842105263157,
    "irr-CANARIE-all-oldcomer-no-record": 0.14736842105263157,
    "irr-ARIN-all-oldcomer-no-record": 0.14736842105263157,
    "irr-APNIC-all-oldcomer-no-record": 0.14736842105263157,
    "irr-IDNIC-all-oldcomer-no-record": 0.14736842105263157,
    "irr-JPIRR-all-oldcomer-no-record": 0.14736842105263157,
    "irr-PANIX-all-oldcomer-no-record": 0.14736842105263157,
    "irr-RIPE-all-oldcomer-no-record": 0.14736842105263157,
    "irr-OPENFACE-all-oldcomer-no-record": 0.14736842105263157,
    "irr-ALTDB-all-oldcomer-no-record": 0.14736842105263157,
    "irr-AFRINIC-all-oldcomer-no-record": 0.14736842105263157,
    "irr-BELL-all-oldcomer-no-record": 0.14736842105263157,
    "irr-NTTCOM-all-oldcomer-no-record": 0.11578947368421053
  },
  "tr_na": {
    "rpki-all-newcomer-unknown-roa": 1.0,
    "rpki-some-newcomer-unknown-roa": 1.0,
    "all-origins-same-country": 0.9947368421052631,
    "some-newcomers-stub-ases": 0.9842105263157894,
    "all-newcomers-stub-ases": 0.9842105263157894,
    "newcomer-more-specific": 0.9578947368421052,
    "oldcomers-always-on-newcomer-originated-paths": 0.8210526315789474,
    "outdated-info": 0.6157894736842106,
    "rpki-some-oldcomer-unknown-roa": 0.17894736842105263,
    "rpki-all-oldcomer-unknown-roa": 0.17894736842105263,
    "all-victims-stub-ases": 0.1631578947368421,
    "some-victims-stub-ases": 0.1631578947368421,
    "irr-NTTCOM-all-oldcomer-exact-record": 0.031578947368421054,
    "irr-RADB-all-oldcomer-more-specific-record": 0.005263157894736842,
    "irr-RADB-all-oldcomer-exact-record": 0.005263157894736842,
    "previously-announced-by-some-newcomers": 0.005263157894736842
  }
}