{
  "tr_no": {
    "previously-announced-by-all-newcomers": 0.03292181069958848
  },
  "tr_yes": {
    "not-previously-announced-by-any-newcomer": 1.0,
    "irr-RADB-all-newcomer-no-record": 0.9094650205761317,
    "irr-LACNIC-all-newcomer-no-record": 0.9094650205761317,
    "hegemony-valley-paths": 0.7366255144032922,
    "prefix-small-edit-distance": 0.4156378600823045,
    "irr-NESTEGG-all-newcomer-no-record": 0.3991769547325103,
    "irr-RIPE-NONAUTH-all-newcomer-no-record": 0.3991769547325103,
    "irr-JPIRR-all-newcomer-no-record": 0.3991769547325103,
    "irr-OPENFACE-all-newcomer-no-record": 0.3991769547325103,
    "irr-REACH-all-newcomer-no-record": 0.3991769547325103,
    "irr-AFRINIC-all-newcomer-no-record": 0.3991769547325103,
    "irr-IDNIC-all-newcomer-no-record": 0.3991769547325103,
    "irr-LEVEL3-all-newcomer-no-record": 0.3991769547325103,
    "irr-BBOI-all-newcomer-no-record": 0.3991769547325103,
    "irr-WCGDB-all-newcomer-no-record": 0.3991769547325103,
    "irr-TC-all-newcomer-no-record": 0.3991769547325103,
    "irr-CANARIE-all-newcomer-no-record": 0.3991769547325103,
    "irr-PANIX-all-newcomer-no-record": 0.3991769547325103,
    "irr-BELL-all-newcomer-no-record": 0.3991769547325103,
    "irr-APNIC-all-newcomer-no-record": 0.3991769547325103,
    "irr-NTTCOM-all-newcomer-no-record": 0.3991769547325103,
    "irr-ARIN-all-newcomer-no-record": 0.3991769547325103,
    "irr-RIPE-all-newcomer-no-record": 0.3991769547325103,
    "irr-ALTDB-all-newcomer-no-record": 0.3991769547325103,
    "irr-LACNIC-all-oldcomer-no-record": 0.053497942386831275,
    "irr-RADB-all-oldcomer-no-record": 0.0411522633744856,
    "rpki-all-newcomer-invalid-roa": 0.02880658436213992,
    "rpki-some-newcomer-invalid-roa": 0.02880658436213992,
    "irr-ALTDB-all-oldcomer-no-record": 0.01646090534979424,
    "irr-IDNIC-all-oldcomer-no-record": 0.01646090534979424,
    "irr-AFRINIC-all-oldcomer-no-record": 0.01646090534979424,
    "irr-ARIN-all-oldcomer-no-record": 0.01646090534979424,
    "irr-LEVEL3-all-oldcomer-no-record": 0.01646090534979424,
    "irr-RIPE-NONAUTH-all-oldcomer-no-record": 0.01646090534979424,
    "irr-NTTCOM-all-oldcomer-no-record": 0.01646090534979424,
    "irr-JPIRR-all-oldcomer-no-record": 0.01646090534979424,
    "irr-TC-all-oldcomer-no-record": 0.01646090534979424,
    "irr-BBOI-all-oldcomer-no-record": 0.01646090534979424,
    "irr-PANIX-all-oldcomer-no-record": 0.01646090534979424,
    "irr-APNIC-all-oldcomer-no-record": 0.01646090534979424,
    "irr-NESTEGG-all-oldcomer-no-record": 0.01646090534979424,
    "irr-OPENFACE-all-oldcomer-no-record": 0.01646090534979424,
    "irr-RIPE-all-oldcomer-no-record": 0.01646090534979424,
    "irr-CANARIE-all-oldcomer-no-record": 0.01646090534979424,
    "irr-WCGDB-all-oldcomer-no-record": 0.01646090534979424,
    "irr-REACH-all-oldcomer-no-record": 0.01646090534979424,
    "irr-BELL-all-oldcomer-no-record": 0.01646090534979424,
    "irr-RADB-some-oldcomer-no-record": 0.00411522633744856
  },
  "tr_na": {
    "all-origins-same-country": 0.9794238683127572,
    "rpki-all-newcomer-unknown-roa": 0.9711934156378601,
    "rpki-some-newcomer-unknown-roa": 0.9711934156378601,
    "newcomer-more-specific": 0.9423868312757202,
    "outdated-info": 0.8724279835390947,
    "oldcomers-always-on-newcomer-originated-paths": 0.7695473251028807,
    "some-victims-stub-ases": 0.1646090534979424,
    "all-victims-stub-ases": 0.16049382716049382,
    "rpki-some-oldcomer-unknown-roa": 0.1440329218106996,
    "rpki-all-oldcomer-unknown-roa": 0.1440329218106996,
    "previously-announced-by-some-newcomers": 0.03292181069958848,
    "rpki-newcomer-invalid-roa-due-to-as": 0.02880658436213992,
    "oldcomer-path-prepending": 0.01646090534979424,
    "some-newcomers-stub-ases": 0.012345679012345678,
    "all-newcomers-stub-ases": 0.012345679012345678,
    "irr-RADB-all-oldcomer-more-specific-record": 0.00411522633744856,
    "irr-RADB-some-oldcomer-more-specific-record": 0.00411522633744856,
    "newcomers-always-on-oldcomer-originated-paths": 0.00411522633744856,
    "irr-RADB-all-oldcomer-exact-record": 0.00411522633744856
  }
}