{
  "tr_no": {
    "previously-announced-by-all-newcomers": 0.1201923076923077,
    "irr-RADB-all-newcomer-exact-record": 0.0625,
    "all-newcomers-are-rel-upstream": 0.009615384615384616,
    "all-newcomers-are-providers": 0.009615384615384616,
    "rpki-all-newcomer-valid-roa": 0.004807692307692308
  },
  "tr_yes": {
    "irr-LACNIC-all-newcomer-no-record": 0.8798076923076923,
    "not-previously-announced-by-any-newcomer": 0.8413461538461539,
    "irr-LACNIC-all-oldcomer-no-record": 0.8173076923076923,
    "hegemony-valley-paths": 0.7932692307692307,
    "irr-RADB-all-newcomer-no-record": 0.6442307692307693,
    "irr-ARIN-all-newcomer-no-record": 0.44711538461538464,
    "irr-CANARIE-all-newcomer-no-record": 0.44711538461538464,
    "irr-IDNIC-all-newcomer-no-record": 0.44711538461538464,
    "irr-NTTCOM-all-newcomer-no-record": 0.44711538461538464,
    "irr-REACH-all-newcomer-no-record": 0.44711538461538464,
    "irr-PANIX-all-newcomer-no-record": 0.44711538461538464,
    "irr-OPENFACE-all-newcomer-no-record": 0.44711538461538464,
    "irr-RIPE-NONAUTH-all-newcomer-no-record": 0.44711538461538464,
    "irr-NESTEGG-all-newcomer-no-record": 0.44711538461538464,
    "irr-TC-all-newcomer-no-record": 0.44711538461538464,
    "irr-BELL-all-newcomer-no-record": 0.44711538461538464,
    "irr-AFRINIC-all-newcomer-no-record": 0.44711538461538464,
    "irr-LEVEL3-all-newcomer-no-record": 0.44711538461538464,
    "irr-JPIRR-all-newcomer-no-record": 0.44711538461538464,
    "irr-BBOI-all-newcomer-no-record": 0.44711538461538464,
    "irr-ALTDB-all-newcomer-no-record": 0.44711538461538464,
    "irr-WCGDB-all-newcomer-no-record": 0.44711538461538464,
    "irr-RIPE-all-newcomer-no-record": 0.4423076923076923,
    "irr-APNIC-all-newcomer-no-record": 0.4326923076923077,
    "irr-TC-all-oldcomer-no-record": 0.40384615384615385,
    "irr-IDNIC-all-oldcomer-no-record": 0.40384615384615385,
    "irr-NESTEGG-all-oldcomer-no-record": 0.40384615384615385,
    "irr-ALTDB-all-oldcomer-no-record": 0.40384615384615385,
    "irr-RIPE-NONAUTH-all-oldcomer-no-record": 0.40384615384615385,
    "irr-JPIRR-all-oldcomer-no-record": 0.40384615384615385,
    "irr-REACH-all-oldcomer-no-record": 0.40384615384615385,
    "irr-LEVEL3-all-oldcomer-no-record": 0.40384615384615385,
    "irr-PANIX-all-oldcomer-no-record": 0.40384615384615385,
    "irr-BBOI-all-oldcomer-no-record": 0.40384615384615385,
    "irr-CANARIE-all-oldcomer-no-record": 0.40384615384615385,
    "irr-BELL-all-oldcomer-no-record": 0.40384615384615385,
    "irr-WCGDB-all-oldcomer-no-record": 0.40384615384615385,
    "irr-OPENFACE-all-oldcomer-no-record": 0.40384615384615385,
    "irr-RIPE-all-oldcomer-no-record": 0.39903846153846156,
    "irr-ARIN-all-oldcomer-no-record": 0.3798076923076923,
    "irr-AFRINIC-all-oldcomer-no-record": 0.3701923076923077,
    "rpki-some-newcomer-invalid-roa": 0.34615384615384615,
    "irr-APNIC-all-oldcomer-no-record": 0.34615384615384615,
    "rpki-all-newcomer-invalid-roa": 0.2692307692307692,
    "irr-NTTCOM-all-oldcomer-no-record": 0.21634615384615385,
    "irr-RADB-some-newcomer-no-record": 0.17307692307692307,
    "prefix-small-edit-distance": 0.14423076923076922,
    "irr-RADB-all-oldcomer-no-record": 0.04326923076923077,
    "rpki-some-oldcomer-invalid-roa": 0.014423076923076924,
    "rpki-all-oldcomer-invalid-roa": 0.014423076923076924,
    "irr-APNIC-some-newcomer-no-record": 0.014423076923076924,
    "irr-NTTCOM-some-oldcomer-no-record": 0.009615384615384616,
    "spamhaus-asn-drop": 0.004807692307692308,
    "irr-RADB-some-oldcomer-no-record": 0.004807692307692308,
    "irr-APNIC-some-oldcomer-no-record": 0.004807692307692308,
    "irr-RIPE-some-newcomer-no-record": 0.004807692307692308
  },
  "tr_na": {
    "rpki-some-newcomer-unknown-roa": 0.6971153846153846,
    "rpki-all-newcomer-unknown-roa": 0.6971153846153846,
    "rpki-all-oldcomer-unknown-roa": 0.6394230769230769,
    "rpki-some-oldcomer-unknown-roa": 0.6394230769230769,
    "irr-RADB-all-oldcomer-exact-record": 0.5769230769230769,
    "all-origins-same-country": 0.47596153846153844,
    "oldcomer-path-prepending": 0.42788461538461536,
    "some-victims-stub-ases": 0.3605769230769231,
    "all-victims-stub-ases": 0.35096153846153844,
    "rpki-newcomer-invalid-roa-due-to-as": 0.34615384615384615,
    "rpki-all-oldcomer-valid-roa": 0.3269230769230769,
    "rpki-some-oldcomer-valid-roa": 0.3269230769230769,
    "previously-announced-by-some-newcomers": 0.2692307692307692,
    "outdated-info": 0.24519230769230768,
    "some-newcomers-are-rel-neighbor": 0.21634615384615385,
    "irr-RADB-all-oldcomer-more-specific-record": 0.21153846153846154,
    "some-newcomers-are-rel-upstream": 0.20192307692307693,
    "some-newcomers-are-providers": 0.20192307692307693,
    "irr-NTTCOM-all-oldcomer-exact-record": 0.19230769230769232,
    "newcomers-always-on-oldcomer-originated-paths": 0.14903846153846154,
    "some-newcomers-stub-ases": 0.1346153846153846,
    "irr-RADB-some-newcomer-exact-record": 0.1346153846153846,
    "newcomer-more-specific": 0.12980769230769232,
    "rpki-some-newcomer-valid-roa": 0.08173076923076923,
    "irr-RADB-some-newcomer-more-specific-record": 0.0673076923076923,
    "all-newcomers-are-rel-neighbor": 0.057692307692307696,
    "irr-APNIC-all-oldcomer-exact-record": 0.057692307692307696,
    "some-newcomers-are-peers": 0.04807692307692308,
    "irr-AFRINIC-all-oldcomer-more-specific-record": 0.03365384615384615,
    "irr-AFRINIC-all-oldcomer-exact-record": 0.028846153846153848,
    "irr-RADB-all-newcomer-more-specific-record": 0.02403846153846154,
    "irr-ARIN-all-oldcomer-exact-record": 0.02403846153846154,
    "irr-RADB-some-oldcomer-exact-record": 0.019230769230769232,
    "all-newcomers-stub-ases": 0.014423076923076924,
    "rpki-oldcomer-invalid-roa-due-to-as": 0.014423076923076924,
    "irr-RADB-some-oldcomer-more-specific-record": 0.014423076923076924,
    "some-newcomers-are-customers": 0.014423076923076924,
    "some-newcomers-are-rel-downstream": 0.014423076923076924,
    "irr-APNIC-some-newcomer-exact-record": 0.014423076923076924,
    "single-Tier-1-upstream-on-subpaths-1-hop": 0.009615384615384616,
    "irr-APNIC-all-oldcomer-more-specific-record": 0.009615384615384616,
    "irr-NTTCOM-some-oldcomer-exact-record": 0.009615384615384616,
    "irr-RIPE-all-oldcomer-exact-record": 0.009615384615384616,
    "skipped-pfx-event": 0.004807692307692308,
    "irr-APNIC-some-oldcomer-more-specific-record": 0.004807692307692308,
    "some-newcomer-announced-no-pfxs": 0.004807692307692308,
    "irr-RIPE-some-newcomer-more-specific-record": 0.004807692307692308
  }
}