{
  "tr_no": {
    "previously-announced-by-all-newcomers": 0.011299435028248588,
    "irr-RIPE-all-newcomer-exact-record": 0.011299435028248588
  },
  "tr_yes": {
    "not-previously-announced-by-any-newcomer": 0.9830508474576272,
    "hegemony-valley-paths": 0.7175141242937854,
    "irr-RADB-all-newcomer-no-record": 0.7005649717514124,
    "irr-LACNIC-all-newcomer-no-record": 0.7005649717514124,
    "irr-LACNIC-all-oldcomer-no-record": 0.5932203389830508,
    "rpki-some-newcomer-invalid-roa": 0.3728813559322034,
    "rpki-all-newcomer-invalid-roa": 0.3559322033898305,
    "irr-RADB-all-oldcomer-no-record": 0.2824858757062147,
    "irr-BBOI-all-newcomer-no-record": 0.11299435028248588,
    "irr-ARIN-all-newcomer-no-record": 0.11299435028248588,
    "irr-TC-all-newcomer-no-record": 0.11299435028248588,
    "irr-WCGDB-all-newcomer-no-record": 0.11299435028248588,
    "irr-PANIX-all-newcomer-no-record": 0.11299435028248588,
    "irr-RIPE-NONAUTH-all-newcomer-no-record": 0.11299435028248588,
    "irr-NESTEGG-all-newcomer-no-record": 0.11299435028248588,
    "irr-APNIC-all-newcomer-no-record": 0.11299435028248588,
    "irr-CANARIE-all-newcomer-no-record": 0.11299435028248588,
    "irr-JPIRR-all-newcomer-no-record": 0.11299435028248588,
    "irr-ALTDB-all-newcomer-no-record": 0.11299435028248588,
    "irr-LEVEL3-all-newcomer-no-record": 0.11299435028248588,
    "irr-NTTCOM-all-newcomer-no-record": 0.11299435028248588,
    "irr-AFRINIC-all-newcomer-no-record": 0.11299435028248588,
    "irr-IDNIC-all-newcomer-no-record": 0.11299435028248588,
    "irr-REACH-all-newcomer-no-record": 0.11299435028248588,
    "irr-OPENFACE-all-newcomer-no-record": 0.11299435028248588,
    "irr-BELL-all-newcomer-no-record": 0.11299435028248588,
    "irr-RIPE-all-newcomer-no-record": 0.1016949152542373,
    "irr-PANIX-all-oldcomer-no-record": 0.096045197740113,
    "irr-JPIRR-all-oldcomer-no-record": 0.096045197740113,
    "irr-BBOI-all-oldcomer-no-record": 0.096045197740113,
    "irr-NESTEGG-all-oldcomer-no-record": 0.096045197740113,
    "irr-WCGDB-all-oldcomer-no-record": 0.096045197740113,
    "irr-CANARIE-all-oldcomer-no-record": 0.096045197740113,
    "irr-IDNIC-all-oldcomer-no-record": 0.096045197740113,
    "irr-REACH-all-oldcomer-no-record": 0.096045197740113,
    "irr-AFRINIC-all-oldcomer-no-record": 0.096045197740113,
    "irr-LEVEL3-all-oldcomer-no-record": 0.096045197740113,
    "irr-RIPE-NONAUTH-all-oldcomer-no-record": 0.096045197740113,
    "irr-ARIN-all-oldcomer-no-record": 0.096045197740113,
    "irr-BELL-all-oldcomer-no-record": 0.096045197740113,
    "irr-OPENFACE-all-oldcomer-no-record": 0.096045197740113,
    "prefix-small-edit-distance": 0.0903954802259887,
    "irr-ALTDB-all-oldcomer-no-record": 0.0903954802259887,
    "irr-NTTCOM-all-oldcomer-no-record": 0.0903954802259887,
    "irr-TC-all-oldcomer-no-record": 0.07344632768361582,
    "irr-APNIC-all-oldcomer-no-record": 0.06779661016949153,
    "irr-RIPE-all-oldcomer-no-record": 0.06779661016949153,
    "rpki-some-oldcomer-invalid-roa": 0.01694915254237288,
    "rpki-all-oldcomer-invalid-roa": 0.01694915254237288
  },
  "tr_na": {
    "rpki-all-newcomer-unknown-roa": 0.6271186440677966,
    "rpki-some-newcomer-unknown-roa": 0.6271186440677966,
    "rpki-all-oldcomer-unknown-roa": 0.5819209039548022,
    "rpki-some-oldcomer-unknown-roa": 0.5819209039548022,
    "all-victims-stub-ases": 0.3954802259887006,
    "some-victims-stub-ases": 0.3954802259887006,
    "rpki-newcomer-invalid-roa-due-to-as": 0.3559322033898305,
    "rpki-some-oldcomer-valid-roa": 0.2937853107344633,
    "rpki-all-oldcomer-valid-roa": 0.2937853107344633,
    "outdated-info": 0.23163841807909605,
    "newcomer-more-specific": 0.22598870056497175,
    "oldcomer-path-prepending": 0.21468926553672316,
    "irr-RADB-all-oldcomer-more-specific-record": 0.1638418079096045,
    "irr-RADB-all-oldcomer-exact-record": 0.15819209039548024,
    "newcomers-always-on-oldcomer-originated-paths": 0.0903954802259887,
    "all-origins-same-country": 0.07344632768361582,
    "some-newcomers-are-providers": 0.03389830508474576,
    "some-newcomers-are-rel-neighbor": 0.03389830508474576,
    "some-newcomers-are-rel-upstream": 0.02824858757062147,
    "previously-announced-by-some-newcomers": 0.02824858757062147,
    "irr-RIPE-all-oldcomer-exact-record": 0.02824858757062147,
    "irr-APNIC-all-oldcomer-exact-record": 0.02824858757062147,
    "rpki-newcomer-invalid-roa-due-to-length": 0.022598870056497175,
    "irr-TC-all-oldcomer-exact-record": 0.022598870056497175,
    "rpki-oldcomer-invalid-roa-due-to-as": 0.01694915254237288,
    "rpki-some-newcomer-valid-roa": 0.01694915254237288,
    "has-private-asn": 0.011299435028248588,
    "has-dps-asn": 0.005649717514124294,
    "irr-NTTCOM-all-oldcomer-exact-record": 0.005649717514124294,
    "irr-ALTDB-all-oldcomer-more-specific-record": 0.005649717514124294
  }
}