{
  "tr_no": {
    "irr-RADB-all-newcomer-exact-record": 0.46782178217821785,
    "previously-announced-by-all-newcomers": 0.034653465346534656,
    "irr-NTTCOM-all-newcomer-exact-record": 0.0024752475247524753
  },
  "tr_yes": {
    "not-previously-announced-by-any-newcomer": 1.0,
    "hegemony-valley-paths": 0.7524752475247525,
    "irr-LACNIC-all-newcomer-no-record": 0.6138613861386139,
    "irr-LACNIC-all-oldcomer-no-record": 0.4628712871287129,
    "prefix-small-edit-distance": 0.29207920792079206,
    "irr-RADB-all-oldcomer-no-record": 0.18811881188118812,
    "irr-BBOI-all-newcomer-no-record": 0.12128712871287128,
    "irr-RIPE-all-newcomer-no-record": 0.12128712871287128,
    "irr-ARIN-all-newcomer-no-record": 0.12128712871287128,
    "irr-TC-all-newcomer-no-record": 0.12128712871287128,
    "irr-WCGDB-all-newcomer-no-record": 0.12128712871287128,
    "irr-PANIX-all-newcomer-no-record": 0.12128712871287128,
    "irr-RIPE-NONAUTH-all-newcomer-no-record": 0.12128712871287128,
    "irr-NESTEGG-all-newcomer-no-record": 0.12128712871287128,
    "irr-APNIC-all-newcomer-no-record": 0.12128712871287128,
    "irr-CANARIE-all-newcomer-no-record": 0.12128712871287128,
    "irr-JPIRR-all-newcomer-no-record": 0.12128712871287128,
    "irr-ALTDB-all-newcomer-no-record": 0.12128712871287128,
    "irr-LEVEL3-all-newcomer-no-record": 0.12128712871287128,
    "irr-AFRINIC-all-newcomer-no-record": 0.12128712871287128,
    "irr-IDNIC-all-newcomer-no-record": 0.12128712871287128,
    "irr-REACH-all-newcomer-no-record": 0.12128712871287128,
    "irr-OPENFACE-all-newcomer-no-record": 0.12128712871287128,
    "irr-BELL-all-newcomer-no-record": 0.12128712871287128,
    "irr-NTTCOM-all-newcomer-no-record": 0.1188118811881188,
    "irr-TC-all-oldcomer-no-record": 0.09405940594059406,
    "irr-PANIX-all-oldcomer-no-record": 0.09405940594059406,
    "irr-BBOI-all-oldcomer-no-record": 0.09405940594059406,
    "irr-JPIRR-all-oldcomer-no-record": 0.09405940594059406,
    "irr-NESTEGG-all-oldcomer-no-record": 0.09405940594059406,
    "irr-WCGDB-all-oldcomer-no-record": 0.09405940594059406,
    "irr-CANARIE-all-oldcomer-no-record": 0.09405940594059406,
    "irr-ALTDB-all-oldcomer-no-record": 0.09405940594059406,
    "irr-IDNIC-all-oldcomer-no-record": 0.09405940594059406,
    "irr-REACH-all-oldcomer-no-record": 0.09405940594059406,
    "irr-AFRINIC-all-oldcomer-no-record": 0.09405940594059406,
    "irr-RIPE-NONAUTH-all-oldcomer-no-record": 0.09405940594059406,
    "irr-BELL-all-oldcomer-no-record": 0.09405940594059406,
    "irr-OPENFACE-all-oldcomer-no-record": 0.09405940594059406,
    "irr-APNIC-all-oldcomer-no-record": 0.0891089108910891,
    "irr-LEVEL3-all-oldcomer-no-record": 0.0891089108910891,
    "irr-NTTCOM-all-oldcomer-no-record": 0.08663366336633663,
    "irr-ARIN-all-oldcomer-no-record": 0.08415841584158416,
    "irr-RADB-all-newcomer-no-record": 0.07920792079207921,
    "irr-RIPE-all-oldcomer-no-record": 0.07673267326732673,
    "rpki-all-newcomer-invalid-roa": 0.04950495049504951,
    "rpki-some-newcomer-invalid-roa": 0.04950495049504951,
    "rpki-some-oldcomer-invalid-roa": 0.012376237623762377,
    "rpki-all-oldcomer-invalid-roa": 0.012376237623762377,
    "irr-RADB-some-oldcomer-no-record": 0.0049504950495049506
  },
  "tr_na": {
    "rpki-all-newcomer-unknown-roa": 0.9504950495049505,
    "rpki-some-newcomer-unknown-roa": 0.9504950495049505,
    "rpki-all-oldcomer-unknown-roa": 0.8168316831683168,
    "rpki-some-oldcomer-unknown-roa": 0.8168316831683168,
    "oldcomer-path-prepending": 0.5099009900990099,
    "outdated-info": 0.45544554455445546,
    "some-victims-stub-ases": 0.452970297029703,
    "all-victims-stub-ases": 0.44801980198019803,
    "newcomer-more-specific": 0.4158415841584158,
    "irr-RADB-all-oldcomer-exact-record": 0.2400990099009901,
    "single-Tier-1-upstream-on-subpaths-1-hop": 0.08168316831683169,
    "irr-RADB-all-newcomer-more-specific-record": 0.06930693069306931,
    "rpki-newcomer-invalid-roa-due-to-as": 0.04950495049504951,
    "irr-RADB-all-oldcomer-more-specific-record": 0.039603960396039604,
    "previously-announced-by-some-newcomers": 0.034653465346534656,
    "rpki-some-oldcomer-valid-roa": 0.019801980198019802,
    "rpki-all-oldcomer-valid-roa": 0.019801980198019802,
    "all-origins-same-country": 0.019801980198019802,
    "irr-RIPE-all-oldcomer-exact-record": 0.017326732673267328,
    "rpki-oldcomer-invalid-roa-due-to-as": 0.009900990099009901,
    "irr-ARIN-all-oldcomer-exact-record": 0.009900990099009901,
    "single-Tier-1-upstream-on-subpaths-2-hops": 0.007425742574257425,
    "irr-NTTCOM-all-oldcomer-exact-record": 0.007425742574257425,
    "newcomers-always-on-oldcomer-originated-paths": 0.0049504950495049506,
    "has-as-trans": 0.0049504950495049506,
    "irr-APNIC-all-oldcomer-exact-record": 0.0049504950495049506,
    "irr-RADB-some-oldcomer-more-specific-record": 0.0024752475247524753,
    "rpki-oldcomer-invalid-roa-due-to-length": 0.0024752475247524753,
    "some-siblings": 0.0024752475247524753,
    "irr-RADB-some-oldcomer-exact-record": 0.0024752475247524753,
    "irr-LEVEL3-all-oldcomer-more-specific-record": 0.0024752475247524753,
    "irr-LEVEL3-all-oldcomer-exact-record": 0.0024752475247524753
  }
}