{
  "tr_no": {
    "irr-RADB-all-newcomer-exact-record": 0.05555555555555555,
    "previously-announced-by-all-newcomers": 0.05555555555555555,
    "rpki-all-newcomer-valid-roa": 0.021164021164021163,
    "irr-RIPE-all-newcomer-exact-record": 0.018518518518518517,
    "irr-ARIN-all-newcomer-exact-record": 0.013227513227513227
  },
  "tr_yes": {
    "not-previously-announced-by-any-newcomer": 1.0,
    "blacklist-asn": 1.0,
    "irr-LACNIC-all-newcomer-no-record": 0.8359788359788359,
    "irr-RADB-all-newcomer-no-record": 0.7804232804232805,
    "hegemony-valley-paths": 0.4973544973544973,
    "irr-LACNIC-all-oldcomer-no-record": 0.4312169312169312,
    "prefix-small-edit-distance": 0.37566137566137564,
    "rpki-some-newcomer-invalid-roa": 0.3386243386243386,
    "rpki-all-newcomer-invalid-roa": 0.3306878306878307,
    "irr-RADB-all-oldcomer-no-record": 0.2671957671957672,
    "rpki-some-oldcomer-invalid-roa": 0.0873015873015873,
    "irr-BBOI-all-newcomer-no-record": 0.07936507936507936,
    "irr-TC-all-newcomer-no-record": 0.07936507936507936,
    "irr-WCGDB-all-newcomer-no-record": 0.07936507936507936,
    "irr-PANIX-all-newcomer-no-record": 0.07936507936507936,
    "irr-RIPE-NONAUTH-all-newcomer-no-record": 0.07936507936507936,
    "irr-NESTEGG-all-newcomer-no-record": 0.07936507936507936,
    "irr-CANARIE-all-newcomer-no-record": 0.07936507936507936,
    "irr-JPIRR-all-newcomer-no-record": 0.07936507936507936,
    "irr-ALTDB-all-newcomer-no-record": 0.07936507936507936,
    "irr-LEVEL3-all-newcomer-no-record": 0.07936507936507936,
    "irr-NTTCOM-all-newcomer-no-record": 0.07936507936507936,
    "irr-AFRINIC-all-newcomer-no-record": 0.07936507936507936,
    "irr-IDNIC-all-newcomer-no-record": 0.07936507936507936,
    "irr-REACH-all-newcomer-no-record": 0.07936507936507936,
    "irr-OPENFACE-all-newcomer-no-record": 0.07936507936507936,
    "irr-BELL-all-newcomer-no-record": 0.07936507936507936,
    "irr-APNIC-all-newcomer-no-record": 0.07671957671957672,
    "rpki-all-oldcomer-invalid-roa": 0.07407407407407407,
    "irr-ARIN-all-newcomer-no-record": 0.06613756613756613,
    "irr-RIPE-all-newcomer-no-record": 0.0582010582010582,
    "irr-TC-all-oldcomer-no-record": 0.04497354497354497,
    "irr-PANIX-all-oldcomer-no-record": 0.04497354497354497,
    "irr-BBOI-all-oldcomer-no-record": 0.04497354497354497,
    "irr-JPIRR-all-oldcomer-no-record": 0.04497354497354497,
    "irr-NESTEGG-all-oldcomer-no-record": 0.04497354497354497,
    "irr-WCGDB-all-oldcomer-no-record": 0.04497354497354497,
    "irr-CANARIE-all-oldcomer-no-record": 0.04497354497354497,
    "irr-ALTDB-all-oldcomer-no-record": 0.04497354497354497,
    "irr-IDNIC-all-oldcomer-no-record": 0.04497354497354497,
    "irr-REACH-all-oldcomer-no-record": 0.04497354497354497,
    "irr-AFRINIC-all-oldcomer-no-record": 0.04497354497354497,
    "irr-LEVEL3-all-oldcomer-no-record": 0.04497354497354497,
    "irr-RIPE-NONAUTH-all-oldcomer-no-record": 0.04497354497354497,
    "irr-BELL-all-oldcomer-no-record": 0.04497354497354497,
    "irr-OPENFACE-all-oldcomer-no-record": 0.04497354497354497,
    "irr-APNIC-all-oldcomer-no-record": 0.037037037037037035,
    "irr-NTTCOM-all-oldcomer-no-record": 0.037037037037037035,
    "irr-ARIN-all-oldcomer-no-record": 0.03439153439153439,
    "irr-RIPE-all-oldcomer-no-record": 0.03439153439153439,
    "irr-RADB-some-oldcomer-no-record": 0.021164021164021163,
    "irr-RIPE-some-newcomer-no-record": 0.005291005291005291,
    "all-newcomers-next-to-an-oldcomer": 0.0026455026455026454,
    "irr-ARIN-some-oldcomer-no-record": 0.0026455026455026454,
    "irr-APNIC-some-newcomer-no-record": 0.0026455026455026454
  },
  "tr_na": {
    "rpki-some-newcomer-unknown-roa": 0.671957671957672,
    "rpki-all-newcomer-unknown-roa": 0.671957671957672,
    "newcomer-more-specific": 0.5555555555555556,
    "outdated-info": 0.5132275132275133,
    "rpki-all-oldcomer-unknown-roa": 0.42328042328042326,
    "rpki-some-oldcomer-unknown-roa": 0.42328042328042326,
    "some-victims-stub-ases": 0.3941798941798942,
    "all-victims-stub-ases": 0.36772486772486773,
    "rpki-newcomer-invalid-roa-due-to-as": 0.3306878306878307,
    "oldcomer-path-prepending": 0.25925925925925924,
    "irr-RADB-all-oldcomer-exact-record": 0.12169312169312169,
    "rpki-some-oldcomer-valid-roa": 0.1164021164021164,
    "rpki-all-oldcomer-valid-roa": 0.10317460317460317,
    "rpki-oldcomer-invalid-roa-due-to-as": 0.0873015873015873,
    "single-Tier-1-upstream-on-subpaths-1-hop": 0.07936507936507936,
    "previously-announced-by-some-newcomers": 0.05555555555555555,
    "all-origins-same-country": 0.047619047619047616,
    "has-dps-asn": 0.03439153439153439,
    "rpki-some-newcomer-valid-roa": 0.0291005291005291,
    "irr-RADB-all-oldcomer-more-specific-record": 0.021164021164021163,
    "single-Tier-1-upstream-on-subpaths-2-hops": 0.018518518518518517,
    "irr-RADB-some-oldcomer-exact-record": 0.015873015873015872,
    "irr-RIPE-all-oldcomer-exact-record": 0.010582010582010581,
    "rpki-newcomer-invalid-roa-due-to-length": 0.007936507936507936,
    "irr-NTTCOM-all-oldcomer-exact-record": 0.007936507936507936,
    "irr-ARIN-all-oldcomer-exact-record": 0.007936507936507936,
    "irr-APNIC-all-oldcomer-exact-record": 0.007936507936507936,
    "irr-RADB-some-oldcomer-more-specific-record": 0.005291005291005291,
    "irr-RADB-all-newcomer-more-specific-record": 0.005291005291005291,
    "some-newcomers-private-asn": 0.005291005291005291,
    "irr-RIPE-some-newcomer-exact-record": 0.005291005291005291,
    "has-private-asn": 0.005291005291005291,
    "newcomers-always-on-oldcomer-originated-paths": 0.0026455026455026454,
    "oldcomers-always-on-newcomer-originated-paths": 0.0026455026455026454,
    "irr-ARIN-all-newcomer-more-specific-record": 0.0026455026455026454,
    "irr-ARIN-some-oldcomer-more-specific-record": 0.0026455026455026454,
    "some-newcomers-stub-ases": 0.0026455026455026454,
    "irr-APNIC-some-newcomer-exact-record": 0.0026455026455026454
  }
}