{
  "tr_no": {
    "irr-RADB-all-newcomer-exact-record": 0.05829596412556054,
    "rpki-all-newcomer-valid-roa": 0.017937219730941704,
    "previously-announced-by-all-newcomers": 0.013452914798206279,
    "irr-RIPE-all-newcomer-exact-record": 0.004484304932735426
  },
  "tr_yes": {
    "not-previously-announced-by-any-newcomer": 1.0,
    "irr-LACNIC-all-newcomer-no-record": 0.6636771300448431,
    "hegemony-valley-paths": 0.5605381165919282,
    "irr-RADB-all-newcomer-no-record": 0.5560538116591929,
    "irr-LACNIC-all-oldcomer-no-record": 0.4798206278026906,
    "rpki-some-newcomer-invalid-roa": 0.45739910313901344,
    "rpki-all-newcomer-invalid-roa": 0.452914798206278,
    "irr-RADB-all-oldcomer-no-record": 0.35874439461883406,
    "prefix-small-edit-distance": 0.23318385650224216,
    "rpki-some-oldcomer-invalid-roa": 0.08071748878923767,
    "rpki-all-oldcomer-invalid-roa": 0.07623318385650224,
    "irr-AFRINIC-all-newcomer-no-record": 0.02242152466367713,
    "irr-REACH-all-newcomer-no-record": 0.02242152466367713,
    "irr-BBOI-all-newcomer-no-record": 0.02242152466367713,
    "irr-CANARIE-all-newcomer-no-record": 0.02242152466367713,
    "irr-OPENFACE-all-newcomer-no-record": 0.02242152466367713,
    "irr-NESTEGG-all-newcomer-no-record": 0.02242152466367713,
    "irr-APNIC-all-newcomer-no-record": 0.02242152466367713,
    "irr-LEVEL3-all-newcomer-no-record": 0.02242152466367713,
    "irr-RIPE-NONAUTH-all-newcomer-no-record": 0.02242152466367713,
    "irr-WCGDB-all-newcomer-no-record": 0.02242152466367713,
    "irr-TC-all-newcomer-no-record": 0.02242152466367713,
    "irr-PANIX-all-newcomer-no-record": 0.02242152466367713,
    "irr-IDNIC-all-newcomer-no-record": 0.02242152466367713,
    "irr-JPIRR-all-newcomer-no-record": 0.02242152466367713,
    "irr-ALTDB-all-newcomer-no-record": 0.02242152466367713,
    "irr-RIPE-all-newcomer-no-record": 0.02242152466367713,
    "irr-BELL-all-newcomer-no-record": 0.02242152466367713,
    "irr-NTTCOM-all-newcomer-no-record": 0.02242152466367713,
    "irr-ARIN-all-newcomer-no-record": 0.02242152466367713,
    "irr-NTTCOM-all-oldcomer-no-record": 0.017937219730941704,
    "irr-BELL-all-oldcomer-no-record": 0.017937219730941704,
    "irr-PANIX-all-oldcomer-no-record": 0.017937219730941704,
    "irr-CANARIE-all-oldcomer-no-record": 0.017937219730941704,
    "irr-WCGDB-all-oldcomer-no-record": 0.017937219730941704,
    "irr-LEVEL3-all-oldcomer-no-record": 0.017937219730941704,
    "irr-AFRINIC-all-oldcomer-no-record": 0.017937219730941704,
    "irr-RIPE-NONAUTH-all-oldcomer-no-record": 0.017937219730941704,
    "irr-NESTEGG-all-oldcomer-no-record": 0.017937219730941704,
    "irr-OPENFACE-all-oldcomer-no-record": 0.017937219730941704,
    "irr-REACH-all-oldcomer-no-record": 0.017937219730941704,
    "irr-IDNIC-all-oldcomer-no-record": 0.017937219730941704,
    "irr-BBOI-all-oldcomer-no-record": 0.017937219730941704,
    "irr-JPIRR-all-oldcomer-no-record": 0.017937219730941704,
    "irr-APNIC-all-oldcomer-no-record": 0.017937219730941704,
    "irr-TC-all-oldcomer-no-record": 0.017937219730941704,
    "irr-ALTDB-all-oldcomer-no-record": 0.017937219730941704,
    "irr-ARIN-all-oldcomer-no-record": 0.013452914798206279,
    "irr-RIPE-all-oldcomer-no-record": 0.008968609865470852,
    "irr-RADB-some-oldcomer-no-record": 0.004484304932735426,
    "all-newcomers-next-to-an-oldcomer": 0.004484304932735426
  },
  "tr_na": {
    "rpki-some-newcomer-unknown-roa": 0.5426008968609866,
    "rpki-all-newcomer-unknown-roa": 0.5426008968609866,
    "rpki-newcomer-invalid-roa-due-to-as": 0.43946188340807174,
    "rpki-all-oldcomer-unknown-roa": 0.43946188340807174,
    "rpki-some-oldcomer-unknown-roa": 0.43946188340807174,
    "some-victims-stub-ases": 0.3721973094170404,
    "all-victims-stub-ases": 0.3632286995515695,
    "rpki-some-oldcomer-valid-roa": 0.30493273542600896,
    "rpki-all-oldcomer-valid-roa": 0.3004484304932735,
    "newcomer-more-specific": 0.29596412556053814,
    "outdated-info": 0.2914798206278027,
    "oldcomer-path-prepending": 0.14798206278026907,
    "irr-RADB-all-oldcomer-exact-record": 0.09865470852017937,
    "single-Tier-1-upstream-on-subpaths-1-hop": 0.08968609865470852,
    "irr-RADB-all-newcomer-more-specific-record": 0.06278026905829596,
    "single-Tier-1-upstream-on-subpaths-2-hops": 0.053811659192825115,
    "rpki-oldcomer-invalid-roa-due-to-as": 0.04932735426008968,
    "all-origins-same-country": 0.04932735426008968,
    "rpki-oldcomer-invalid-roa-due-to-length": 0.03139013452914798,
    "rpki-some-newcomer-valid-roa": 0.02242152466367713,
    "irr-RADB-all-oldcomer-more-specific-record": 0.017937219730941704,
    "rpki-newcomer-invalid-roa-due-to-length": 0.017937219730941704,
    "previously-announced-by-some-newcomers": 0.013452914798206279,
    "has-dps-asn": 0.008968609865470852,
    "irr-RIPE-all-oldcomer-exact-record": 0.008968609865470852,
    "irr-RADB-some-oldcomer-exact-record": 0.004484304932735426,
    "oldcomers-always-on-newcomer-originated-paths": 0.004484304932735426,
    "some-newcomers-are-rel-upstream": 0.004484304932735426,
    "some-newcomers-are-rel-neighbor": 0.004484304932735426,
    "some-newcomers-are-providers": 0.004484304932735426,
    "newcomers-always-on-oldcomer-originated-paths": 0.004484304932735426,
    "irr-ARIN-all-oldcomer-exact-record": 0.004484304932735426
  }
}