{
  "tr_no": {
    "irr-RADB-all-newcomer-exact-record": 0.045307443365695796,
    "previously-announced-by-all-newcomers": 0.042071197411003236,
    "rpki-all-newcomer-valid-roa": 0.012944983818770227,
    "irr-ARIN-all-newcomer-exact-record": 0.006472491909385114,
    "irr-ALTDB-all-newcomer-exact-record": 0.003236245954692557
  },
  "tr_yes": {
    "not-previously-announced-by-any-newcomer": 1.0,
    "irr-LACNIC-all-newcomer-no-record": 0.8932038834951457,
    "irr-RADB-all-newcomer-no-record": 0.8478964401294499,
    "rpki-all-newcomer-invalid-roa": 0.42718446601941745,
    "rpki-some-newcomer-invalid-roa": 0.42718446601941745,
    "irr-LACNIC-all-oldcomer-no-record": 0.4077669902912621,
    "irr-JPIRR-all-newcomer-no-record": 0.37216828478964403,
    "irr-OPENFACE-all-newcomer-no-record": 0.37216828478964403,
    "irr-RIPE-NONAUTH-all-newcomer-no-record": 0.37216828478964403,
    "irr-PANIX-all-newcomer-no-record": 0.37216828478964403,
    "irr-TC-all-newcomer-no-record": 0.37216828478964403,
    "irr-WCGDB-all-newcomer-no-record": 0.37216828478964403,
    "irr-LEVEL3-all-newcomer-no-record": 0.37216828478964403,
    "irr-BBOI-all-newcomer-no-record": 0.37216828478964403,
    "irr-REACH-all-newcomer-no-record": 0.37216828478964403,
    "irr-IDNIC-all-newcomer-no-record": 0.37216828478964403,
    "irr-AFRINIC-all-newcomer-no-record": 0.37216828478964403,
    "irr-CANARIE-all-newcomer-no-record": 0.37216828478964403,
    "irr-RIPE-all-newcomer-no-record": 0.37216828478964403,
    "irr-NESTEGG-all-newcomer-no-record": 0.37216828478964403,
    "irr-BELL-all-newcomer-no-record": 0.37216828478964403,
    "irr-APNIC-all-newcomer-no-record": 0.37216828478964403,
    "irr-NTTCOM-all-newcomer-no-record": 0.37216828478964403,
    "irr-ALTDB-all-newcomer-no-record": 0.36893203883495146,
    "hegemony-valley-paths": 0.3656957928802589,
    "irr-ARIN-all-newcomer-no-record": 0.3656957928802589,
    "irr-OPENFACE-all-oldcomer-no-record": 0.22653721682847897,
    "irr-PANIX-all-oldcomer-no-record": 0.22653721682847897,
    "irr-IDNIC-all-oldcomer-no-record": 0.22653721682847897,
    "irr-BELL-all-oldcomer-no-record": 0.22653721682847897,
    "irr-NESTEGG-all-oldcomer-no-record": 0.22653721682847897,
    "irr-TC-all-oldcomer-no-record": 0.22653721682847897,
    "irr-WCGDB-all-oldcomer-no-record": 0.22653721682847897,
    "irr-BBOI-all-oldcomer-no-record": 0.22653721682847897,
    "irr-REACH-all-oldcomer-no-record": 0.22653721682847897,
    "irr-JPIRR-all-oldcomer-no-record": 0.22653721682847897,
    "irr-CANARIE-all-oldcomer-no-record": 0.22653721682847897,
    "irr-AFRINIC-all-oldcomer-no-record": 0.22653721682847897,
    "irr-ALTDB-all-oldcomer-no-record": 0.22330097087378642,
    "irr-RADB-all-oldcomer-no-record": 0.22006472491909385,
    "irr-NTTCOM-all-oldcomer-no-record": 0.22006472491909385,
    "irr-RIPE-NONAUTH-all-oldcomer-no-record": 0.22006472491909385,
    "irr-LEVEL3-all-oldcomer-no-record": 0.22006472491909385,
    "irr-APNIC-all-oldcomer-no-record": 0.20711974110032363,
    "irr-ARIN-all-oldcomer-no-record": 0.1941747572815534,
    "irr-RIPE-all-oldcomer-no-record": 0.1650485436893204,
    "prefix-small-edit-distance": 0.12297734627831715,
    "rpki-some-oldcomer-invalid-roa": 0.032362459546925564,
    "rpki-all-oldcomer-invalid-roa": 0.032362459546925564,
    "origin-small-edit-distance": 0.003236245954692557,
    "irr-RADB-some-oldcomer-no-record": 0.003236245954692557,
    "irr-RIPE-some-oldcomer-no-record": 0.003236245954692557
  },
  "tr_na": {
    "all-origins-same-country": 0.6537216828478964,
    "rpki-all-newcomer-unknown-roa": 0.5954692556634305,
    "rpki-some-newcomer-unknown-roa": 0.5954692556634305,
    "newcomer-more-specific": 0.5436893203883495,
    "some-victims-stub-ases": 0.5242718446601942,
    "all-victims-stub-ases": 0.517799352750809,
    "outdated-info": 0.4401294498381877,
    "rpki-newcomer-invalid-roa-due-to-as": 0.42394822006472493,
    "rpki-some-oldcomer-unknown-roa": 0.30097087378640774,
    "rpki-all-oldcomer-unknown-roa": 0.30097087378640774,
    "rpki-some-oldcomer-valid-roa": 0.20711974110032363,
    "rpki-all-oldcomer-valid-roa": 0.20711974110032363,
    "irr-RADB-all-oldcomer-exact-record": 0.19741100323624594,
    "oldcomer-path-prepending": 0.15857605177993528,
    "irr-RIPE-all-oldcomer-exact-record": 0.061488673139158574,
    "newcomers-always-on-oldcomer-originated-paths": 0.05825242718446602,
    "previously-announced-by-some-newcomers": 0.042071197411003236,
    "irr-ARIN-all-oldcomer-exact-record": 0.03559870550161812,
    "rpki-oldcomer-invalid-roa-due-to-as": 0.032362459546925564,
    "irr-APNIC-all-oldcomer-exact-record": 0.02912621359223301,
    "has-dps-asn": 0.022653721682847898,
    "rpki-some-newcomer-valid-roa": 0.012944983818770227,
    "irr-RADB-all-oldcomer-more-specific-record": 0.009708737864077669,
    "irr-ARIN-all-oldcomer-more-specific-record": 0.006472491909385114,
    "irr-NTTCOM-all-oldcomer-exact-record": 0.006472491909385114,
    "irr-RIPE-NONAUTH-all-oldcomer-more-specific-record": 0.006472491909385114,
    "has-private-asn": 0.003236245954692557,
    "irr-RADB-some-oldcomer-more-specific-record": 0.003236245954692557,
    "irr-RIPE-all-oldcomer-more-specific-record": 0.003236245954692557,
    "irr-LEVEL3-all-oldcomer-exact-record": 0.003236245954692557,
    "skipped-pfx-event": 0.003236245954692557,
    "irr-RIPE-some-oldcomer-exact-record": 0.003236245954692557,
    "irr-ALTDB-all-oldcomer-exact-record": 0.003236245954692557,
    "irr-LEVEL3-all-oldcomer-more-specific-record": 0.003236245954692557,
    "irr-LACNIC-all-oldcomer-exact-record": 0.003236245954692557,
    "rpki-newcomer-invalid-roa-due-to-length": 0.003236245954692557
  }
}