{
  "tr_no": {
    "irr-RADB-all-newcomer-exact-record": 0.5231107850330154,
    "previously-announced-by-all-newcomers": 0.06309611151870873,
    "irr-RIPE-all-newcomer-exact-record": 0.052090975788701394,
    "irr-ARIN-all-newcomer-exact-record": 0.04475421863536317,
    "rpki-all-newcomer-valid-roa": 0.02714600146735143,
    "moas-transition": 0.001467351430667645,
    "moas-potential-transfer": 0.001467351430667645,
    "irr-LACNIC-all-newcomer-exact-record": 0.0007336757153338225
  },
  "tr_yes": {
    "not-previously-announced-by-any-newcomer": 0.9992663242846662,
    "irr-LACNIC-all-newcomer-no-record": 0.9977989728539985,
    "hegemony-valley-paths": 0.8202494497432135,
    "irr-LACNIC-all-oldcomer-no-record": 0.768892149669846,
    "irr-RADB-all-oldcomer-no-record": 0.4798239178283199,
    "irr-RADB-all-newcomer-no-record": 0.42626559060895086,
    "irr-NTTCOM-all-newcomer-no-record": 0.3573000733675715,
    "irr-NESTEGG-all-newcomer-no-record": 0.3573000733675715,
    "irr-CANARIE-all-newcomer-no-record": 0.3573000733675715,
    "irr-AFRINIC-all-newcomer-no-record": 0.3573000733675715,
    "irr-JPIRR-all-newcomer-no-record": 0.3573000733675715,
    "irr-PANIX-all-newcomer-no-record": 0.3573000733675715,
    "irr-OPENFACE-all-newcomer-no-record": 0.3573000733675715,
    "irr-ALTDB-all-newcomer-no-record": 0.3573000733675715,
    "irr-REACH-all-newcomer-no-record": 0.3573000733675715,
    "irr-TC-all-newcomer-no-record": 0.3573000733675715,
    "irr-LEVEL3-all-newcomer-no-record": 0.3573000733675715,
    "irr-BBOI-all-newcomer-no-record": 0.3573000733675715,
    "irr-APNIC-all-newcomer-no-record": 0.3573000733675715,
    "irr-IDNIC-all-newcomer-no-record": 0.3573000733675715,
    "irr-WCGDB-all-newcomer-no-record": 0.3573000733675715,
    "irr-RIPE-NONAUTH-all-newcomer-no-record": 0.3573000733675715,
    "irr-BELL-all-newcomer-no-record": 0.3573000733675715,
    "irr-ARIN-all-newcomer-no-record": 0.31254585473220836,
    "irr-RIPE-all-newcomer-no-record": 0.3037417461482025,
    "prefix-small-edit-distance": 0.3008070432868672,
    "irr-WCGDB-all-oldcomer-no-record": 0.2582538517975055,
    "irr-RIPE-NONAUTH-all-oldcomer-no-record": 0.2582538517975055,
    "irr-PANIX-all-oldcomer-no-record": 0.2582538517975055,
    "irr-BELL-all-oldcomer-no-record": 0.2582538517975055,
    "irr-TC-all-oldcomer-no-record": 0.2582538517975055,
    "irr-REACH-all-oldcomer-no-record": 0.2582538517975055,
    "irr-IDNIC-all-oldcomer-no-record": 0.2582538517975055,
    "irr-JPIRR-all-oldcomer-no-record": 0.2582538517975055,
    "irr-CANARIE-all-oldcomer-no-record": 0.2582538517975055,
    "irr-NESTEGG-all-oldcomer-no-record": 0.2582538517975055,
    "irr-OPENFACE-all-oldcomer-no-record": 0.2582538517975055,
    "irr-ALTDB-all-oldcomer-no-record": 0.2575201760821717,
    "irr-BBOI-all-oldcomer-no-record": 0.2575201760821717,
    "irr-NTTCOM-all-oldcomer-no-record": 0.25678650036683787,
    "irr-LEVEL3-all-oldcomer-no-record": 0.2553191489361702,
    "irr-AFRINIC-all-oldcomer-no-record": 0.2538517975055026,
    "irr-APNIC-all-oldcomer-no-record": 0.2538517975055026,
    "irr-ARIN-all-oldcomer-no-record": 0.23184152604548788,
    "irr-RIPE-all-oldcomer-no-record": 0.1892883345561262,
    "rpki-some-newcomer-invalid-roa": 0.1408657373440939,
    "rpki-all-newcomer-invalid-roa": 0.1408657373440939,
    "rpki-some-oldcomer-invalid-roa": 0.03301540719002201,
    "rpki-all-oldcomer-invalid-roa": 0.029347028613352897,
    "irr-RADB-some-oldcomer-no-record": 0.016140865737344093,
    "irr-RIPE-some-oldcomer-no-record": 0.004402054292002935,
    "irr-RADB-some-newcomer-no-record": 0.0007336757153338225,
    "irr-AFRINIC-some-oldcomer-no-record": 0.0007336757153338225,
    "irr-APNIC-some-oldcomer-no-record": 0.0007336757153338225
  },
  "tr_na": {
    "all-newcomers-stub-ases": 0.9977989728539985,
    "some-newcomers-stub-ases": 0.9977989728539985,
    "rpki-all-newcomer-unknown-roa": 0.8620689655172413,
    "rpki-some-newcomer-unknown-roa": 0.8620689655172413,
    "rpki-all-oldcomer-unknown-roa": 0.6617754952311079,
    "rpki-some-oldcomer-unknown-roa": 0.6617754952311079,
    "some-victims-stub-ases": 0.42920029347028615,
    "all-victims-stub-ases": 0.4181951577402788,
    "all-origins-same-country": 0.3829787234042553,
    "irr-RADB-all-oldcomer-exact-record": 0.2751283932501834,
    "outdated-info": 0.2575201760821717,
    "newcomer-more-specific": 0.23771093176815847,
    "rpki-newcomer-invalid-roa-due-to-as": 0.13793103448275862,
    "oldcomer-path-prepending": 0.1210564930300807,
    "rpki-some-oldcomer-valid-roa": 0.11005135730007337,
    "rpki-all-oldcomer-valid-roa": 0.10638297872340426,
    "irr-RADB-all-newcomer-more-specific-record": 0.07410124724871607,
    "irr-RIPE-all-oldcomer-exact-record": 0.06969919295671313,
    "previously-announced-by-some-newcomers": 0.06382978723404255,
    "rpki-oldcomer-invalid-roa-due-to-as": 0.03301540719002201,
    "irr-ARIN-all-oldcomer-exact-record": 0.03008070432868672,
    "single-Tier-1-upstream-on-subpaths-2-hops": 0.028613352898019074,
    "rpki-some-newcomer-valid-roa": 0.02714600146735143,
    "irr-RADB-some-oldcomer-exact-record": 0.014673514306676448,
    "irr-RADB-all-oldcomer-more-specific-record": 0.013939838591342627,
    "some-newcomer-announced-no-pfxs": 0.008070432868672046,
    "all-newcomer-announced-no-pfxs": 0.007336757153338224,
    "irr-AFRINIC-all-oldcomer-exact-record": 0.007336757153338224,
    "irr-RIPE-all-newcomer-more-specific-record": 0.00586940572267058,
    "rpki-newcomer-invalid-roa-due-to-length": 0.005135730007336757,
    "has-dps-asn": 0.004402054292002935,
    "irr-RIPE-some-oldcomer-exact-record": 0.004402054292002935,
    "irr-APNIC-all-oldcomer-exact-record": 0.003668378576669112,
    "irr-ARIN-all-newcomer-more-specific-record": 0.003668378576669112,
    "irr-LEVEL3-all-oldcomer-exact-record": 0.00293470286133529,
    "some-siblings": 0.0022010271460014674,
    "oldcomers-always-on-newcomer-originated-paths": 0.001467351430667645,
    "irr-RADB-some-oldcomer-more-specific-record": 0.001467351430667645,
    "irr-LACNIC-all-oldcomer-exact-record": 0.001467351430667645,
    "irr-NTTCOM-all-oldcomer-exact-record": 0.001467351430667645,
    "irr-RADB-some-newcomer-exact-record": 0.0007336757153338225,
    "has-private-asn": 0.0007336757153338225,
    "irr-RIPE-all-oldcomer-more-specific-record": 0.0007336757153338225,
    "irr-BBOI-all-oldcomer-exact-record": 0.0007336757153338225,
    "irr-AFRINIC-some-oldcomer-exact-record": 0.0007336757153338225,
    "irr-ALTDB-all-oldcomer-exact-record": 0.0007336757153338225,
    "irr-APNIC-some-oldcomer-exact-record": 0.0007336757153338225
  }
}