{
  "tr_no": {
    "previously-announced-by-all-newcomers": 0.18072289156626506,
    "irr-RADB-all-newcomer-exact-record": 0.018072289156626505
  },
  "tr_yes": {
    "not-previously-announced-by-any-newcomer": 1.0,
    "hegemony-valley-paths": 0.8192771084337349,
    "prefix-small-edit-distance": 0.7831325301204819,
    "irr-LACNIC-all-newcomer-no-record": 0.7108433734939759,
    "irr-RADB-all-newcomer-no-record": 0.7108433734939759,
    "irr-RADB-all-oldcomer-no-record": 0.6746987951807228,
    "irr-LACNIC-all-oldcomer-no-record": 0.6746987951807228,
    "rpki-all-newcomer-invalid-roa": 0.25903614457831325,
    "rpki-some-newcomer-invalid-roa": 0.25903614457831325,
    "irr-OPENFACE-all-newcomer-no-record": 0.12048192771084337,
    "irr-BELL-all-newcomer-no-record": 0.12048192771084337,
    "irr-PANIX-all-newcomer-no-record": 0.12048192771084337,
    "irr-CANARIE-all-newcomer-no-record": 0.12048192771084337,
    "irr-BBOI-all-newcomer-no-record": 0.12048192771084337,
    "irr-APNIC-all-newcomer-no-record": 0.12048192771084337,
    "irr-WCGDB-all-newcomer-no-record": 0.12048192771084337,
    "irr-IDNIC-all-newcomer-no-record": 0.12048192771084337,
    "irr-AFRINIC-all-newcomer-no-record": 0.12048192771084337,
    "irr-REACH-all-newcomer-no-record": 0.12048192771084337,
    "irr-ALTDB-all-newcomer-no-record": 0.12048192771084337,
    "irr-NTTCOM-all-newcomer-no-record": 0.12048192771084337,
    "irr-TC-all-newcomer-no-record": 0.12048192771084337,
    "irr-NESTEGG-all-newcomer-no-record": 0.12048192771084337,
    "irr-JPIRR-all-newcomer-no-record": 0.12048192771084337,
    "irr-RIPE-NONAUTH-all-newcomer-no-record": 0.12048192771084337,
    "irr-ARIN-all-newcomer-no-record": 0.12048192771084337,
    "irr-LEVEL3-all-newcomer-no-record": 0.12048192771084337,
    "irr-TC-all-oldcomer-no-record": 0.10843373493975904,
    "irr-IDNIC-all-oldcomer-no-record": 0.10843373493975904,
    "irr-AFRINIC-all-oldcomer-no-record": 0.10843373493975904,
    "irr-NESTEGG-all-oldcomer-no-record": 0.10843373493975904,
    "irr-ALTDB-all-oldcomer-no-record": 0.10843373493975904,
    "irr-RIPE-NONAUTH-all-oldcomer-no-record": 0.10843373493975904,
    "irr-JPIRR-all-oldcomer-no-record": 0.10843373493975904,
    "irr-REACH-all-oldcomer-no-record": 0.10843373493975904,
    "irr-NTTCOM-all-oldcomer-no-record": 0.10843373493975904,
    "irr-PANIX-all-oldcomer-no-record": 0.10843373493975904,
    "irr-LEVEL3-all-oldcomer-no-record": 0.10843373493975904,
    "irr-APNIC-all-oldcomer-no-record": 0.10843373493975904,
    "irr-ARIN-all-oldcomer-no-record": 0.10843373493975904,
    "irr-BBOI-all-oldcomer-no-record": 0.10843373493975904,
    "irr-CANARIE-all-oldcomer-no-record": 0.10843373493975904,
    "irr-BELL-all-oldcomer-no-record": 0.10843373493975904,
    "irr-WCGDB-all-oldcomer-no-record": 0.10843373493975904,
    "irr-OPENFACE-all-oldcomer-no-record": 0.10843373493975904,
    "irr-RIPE-all-newcomer-no-record": 0.060240963855421686,
    "irr-RIPE-some-newcomer-no-record": 0.018072289156626505,
    "rpki-some-oldcomer-invalid-roa": 0.012048192771084338,
    "rpki-all-oldcomer-invalid-roa": 0.012048192771084338
  },
  "tr_na": {
    "all-origins-same-country": 1.0,
    "rpki-all-newcomer-unknown-roa": 0.8554216867469879,
    "rpki-some-newcomer-unknown-roa": 0.8554216867469879,
    "rpki-all-oldcomer-unknown-roa": 0.8192771084337349,
    "rpki-some-oldcomer-unknown-roa": 0.8192771084337349,
    "oldcomer-path-prepending": 0.6626506024096386,
    "rpki-newcomer-invalid-roa-due-to-as": 0.25903614457831325,
    "rpki-all-oldcomer-valid-roa": 0.2469879518072289,
    "rpki-some-oldcomer-valid-roa": 0.2469879518072289,
    "some-newcomers-stub-ases": 0.2289156626506024,
    "all-newcomers-stub-ases": 0.21084337349397592,
    "previously-announced-by-some-newcomers": 0.18072289156626506,
    "irr-RIPE-all-oldcomer-more-specific-record": 0.08433734939759036,
    "some-victims-stub-ases": 0.06626506024096386,
    "outdated-info": 0.05421686746987952,
    "all-victims-stub-ases": 0.05421686746987952,
    "irr-RIPE-all-newcomer-more-specific-record": 0.04216867469879518,
    "newcomer-more-specific": 0.03614457831325301,
    "irr-RIPE-all-oldcomer-exact-record": 0.024096385542168676,
    "some-newcomer-announced-no-pfxs": 0.018072289156626505,
    "all-newcomer-announced-no-pfxs": 0.018072289156626505,
    "irr-RIPE-some-newcomer-exact-record": 0.018072289156626505,
    "some-newcomers-are-providers": 0.018072289156626505,
    "some-newcomers-are-rel-neighbor": 0.018072289156626505,
    "newcomers-always-on-oldcomer-originated-paths": 0.018072289156626505,
    "some-newcomers-are-rel-upstream": 0.018072289156626505,
    "rpki-oldcomer-invalid-roa-due-to-length": 0.012048192771084338,
    "skipped-pfx-event": 0.012048192771084338
  }
}