{
  "tr_no": {
    "previously-announced-by-all-newcomers": 0.04151838671411625,
    "moas-transition": 0.002372479240806643,
    "moas-potential-transfer": 0.002372479240806643,
    "rpki-all-newcomer-valid-roa": 0.0011862396204033216
  },
  "tr_yes": {
    "not-previously-announced-by-any-newcomer": 0.9976275207591934,
    "hegemony-valley-paths": 0.8279952550415184,
    "irr-RADB-all-newcomer-no-record": 0.6927639383155397,
    "irr-LACNIC-all-newcomer-no-record": 0.6927639383155397,
    "irr-LACNIC-all-oldcomer-no-record": 0.6298932384341637,
    "irr-RADB-all-oldcomer-no-record": 0.37129300118623965,
    "irr-BELL-all-newcomer-no-record": 0.14709371293001186,
    "irr-ALTDB-all-newcomer-no-record": 0.14709371293001186,
    "irr-NESTEGG-all-newcomer-no-record": 0.14709371293001186,
    "irr-JPIRR-all-newcomer-no-record": 0.14709371293001186,
    "irr-CANARIE-all-newcomer-no-record": 0.14709371293001186,
    "irr-ARIN-all-newcomer-no-record": 0.14709371293001186,
    "irr-NTTCOM-all-newcomer-no-record": 0.14709371293001186,
    "irr-REACH-all-newcomer-no-record": 0.14709371293001186,
    "irr-BBOI-all-newcomer-no-record": 0.14709371293001186,
    "irr-LEVEL3-all-newcomer-no-record": 0.14709371293001186,
    "irr-WCGDB-all-newcomer-no-record": 0.14709371293001186,
    "irr-OPENFACE-all-newcomer-no-record": 0.14709371293001186,
    "irr-RIPE-all-newcomer-no-record": 0.14709371293001186,
    "irr-APNIC-all-newcomer-no-record": 0.14709371293001186,
    "irr-RIPE-NONAUTH-all-newcomer-no-record": 0.14709371293001186,
    "irr-PANIX-all-newcomer-no-record": 0.14709371293001186,
    "irr-TC-all-newcomer-no-record": 0.14709371293001186,
    "irr-AFRINIC-all-newcomer-no-record": 0.14709371293001186,
    "irr-IDNIC-all-newcomer-no-record": 0.14709371293001186,
    "prefix-small-edit-distance": 0.13641755634638197,
    "irr-NESTEGG-all-oldcomer-no-record": 0.13404507710557534,
    "irr-OPENFACE-all-oldcomer-no-record": 0.13404507710557534,
    "irr-BBOI-all-oldcomer-no-record": 0.13404507710557534,
    "irr-REACH-all-oldcomer-no-record": 0.13404507710557534,
    "irr-AFRINIC-all-oldcomer-no-record": 0.13404507710557534,
    "irr-IDNIC-all-oldcomer-no-record": 0.13404507710557534,
    "irr-JPIRR-all-oldcomer-no-record": 0.13404507710557534,
    "irr-CANARIE-all-oldcomer-no-record": 0.13404507710557534,
    "irr-BELL-all-oldcomer-no-record": 0.13404507710557534,
    "irr-WCGDB-all-oldcomer-no-record": 0.13404507710557534,
    "irr-PANIX-all-oldcomer-no-record": 0.13404507710557534,
    "irr-RIPE-NONAUTH-all-oldcomer-no-record": 0.132858837485172,
    "irr-NTTCOM-all-oldcomer-no-record": 0.13167259786476868,
    "irr-APNIC-all-oldcomer-no-record": 0.13048635824436536,
    "irr-ARIN-all-oldcomer-no-record": 0.12930011862396204,
    "irr-TC-all-oldcomer-no-record": 0.1269276393831554,
    "irr-ALTDB-all-oldcomer-no-record": 0.1269276393831554,
    "irr-LEVEL3-all-oldcomer-no-record": 0.11862396204033215,
    "irr-RIPE-all-oldcomer-no-record": 0.11506524317912219,
    "rpki-all-newcomer-invalid-roa": 0.08778173190984578,
    "rpki-some-newcomer-invalid-roa": 0.08778173190984578,
    "origin-small-edit-distance": 0.017793594306049824,
    "irr-RADB-some-oldcomer-no-record": 0.004744958481613286,
    "rpki-some-oldcomer-invalid-roa": 0.004744958481613286,
    "rpki-all-oldcomer-invalid-roa": 0.0035587188612099642
  },
  "tr_na": {
    "rpki-all-newcomer-unknown-roa": 0.9181494661921709,
    "rpki-some-newcomer-unknown-roa": 0.9181494661921709,
    "rpki-some-oldcomer-unknown-roa": 0.8659549228944247,
    "rpki-all-oldcomer-unknown-roa": 0.8659549228944247,
    "all-origins-same-country": 0.7686832740213523,
    "some-newcomers-stub-ases": 0.6927639383155397,
    "all-newcomers-stub-ases": 0.6915776986951364,
    "some-victims-stub-ases": 0.5682087781731909,
    "all-victims-stub-ases": 0.5658362989323843,
    "oldcomer-path-prepending": 0.31316725978647686,
    "irr-RADB-all-oldcomer-exact-record": 0.22419928825622776,
    "outdated-info": 0.16725978647686832,
    "newcomer-more-specific": 0.11506524317912219,
    "rpki-newcomer-invalid-roa-due-to-as": 0.08659549228944247,
    "irr-RADB-all-oldcomer-more-specific-record": 0.07947805456702253,
    "rpki-some-oldcomer-valid-roa": 0.07473309608540925,
    "rpki-all-oldcomer-valid-roa": 0.07354685646500593,
    "single-Tier-1-upstream-on-subpaths-1-hop": 0.06998813760379596,
    "previously-announced-by-some-newcomers": 0.04389086595492289,
    "irr-RIPE-all-oldcomer-exact-record": 0.018979833926453145,
    "has-dps-asn": 0.017793594306049824,
    "irr-LEVEL3-all-oldcomer-more-specific-record": 0.010676156583629894,
    "some-siblings": 0.005931198102016607,
    "irr-LEVEL3-all-oldcomer-exact-record": 0.005931198102016607,
    "irr-TC-all-oldcomer-exact-record": 0.005931198102016607,
    "irr-ALTDB-all-oldcomer-exact-record": 0.005931198102016607,
    "irr-RADB-some-oldcomer-exact-record": 0.0035587188612099642,
    "irr-RIPE-all-oldcomer-more-specific-record": 0.0035587188612099642,
    "irr-NTTCOM-all-oldcomer-exact-record": 0.0035587188612099642,
    "irr-ALTDB-all-oldcomer-more-specific-record": 0.0035587188612099642,
    "rpki-oldcomer-invalid-roa-due-to-length": 0.002372479240806643,
    "rpki-oldcomer-invalid-roa-due-to-as": 0.002372479240806643,
    "irr-APNIC-all-oldcomer-exact-record": 0.002372479240806643,
    "irr-ARIN-all-oldcomer-more-specific-record": 0.002372479240806643,
    "irr-ARIN-all-oldcomer-exact-record": 0.002372479240806643,
    "irr-TC-all-oldcomer-more-specific-record": 0.002372479240806643,
    "some-newcomers-are-providers": 0.0011862396204033216,
    "newcomers-always-on-oldcomer-originated-paths": 0.0011862396204033216,
    "some-newcomers-are-rel-neighbor": 0.0011862396204033216,
    "some-newcomers-dps-asn": 0.0011862396204033216,
    "some-newcomers-are-rel-upstream": 0.0011862396204033216,
    "irr-RADB-some-oldcomer-more-specific-record": 0.0011862396204033216,
    "irr-LACNIC-all-oldcomer-exact-record": 0.0011862396204033216,
    "has-private-asn": 0.0011862396204033216,
    "has-as-trans": 0.0011862396204033216,
    "rpki-some-newcomer-valid-roa": 0.0011862396204033216,
    "rpki-newcomer-invalid-roa-due-to-length": 0.0011862396204033216,
    "irr-RIPE-NONAUTH-all-oldcomer-more-specific-record": 0.0011862396204033216,
    "irr-APNIC-all-oldcomer-more-specific-record": 0.0011862396204033216
  }
}