{
  "tr_no": {
    "previously-announced-by-all-newcomers": 0.03017241379310345
  },
  "tr_yes": {
    "not-previously-announced-by-any-newcomer": 0.978448275862069,
    "irr-LACNIC-all-newcomer-no-record": 0.8448275862068966,
    "irr-LACNIC-all-oldcomer-no-record": 0.8189655172413793,
    "irr-RADB-all-newcomer-no-record": 0.8146551724137931,
    "all-newcomers-next-to-an-oldcomer": 0.7327586206896551,
    "hegemony-valley-paths": 0.6896551724137931,
    "rpki-some-newcomer-invalid-roa": 0.5301724137931034,
    "rpki-all-newcomer-invalid-roa": 0.5258620689655172,
    "irr-APNIC-all-newcomer-no-record": 0.4224137931034483,
    "irr-ARIN-all-newcomer-no-record": 0.4224137931034483,
    "irr-CANARIE-all-newcomer-no-record": 0.4224137931034483,
    "irr-RIPE-NONAUTH-all-newcomer-no-record": 0.4224137931034483,
    "irr-IDNIC-all-newcomer-no-record": 0.4224137931034483,
    "irr-NESTEGG-all-newcomer-no-record": 0.4224137931034483,
    "irr-TC-all-newcomer-no-record": 0.4224137931034483,
    "irr-BELL-all-newcomer-no-record": 0.4224137931034483,
    "irr-NTTCOM-all-newcomer-no-record": 0.4224137931034483,
    "irr-REACH-all-newcomer-no-record": 0.4224137931034483,
    "irr-AFRINIC-all-newcomer-no-record": 0.4224137931034483,
    "irr-RIPE-all-newcomer-no-record": 0.4224137931034483,
    "irr-LEVEL3-all-newcomer-no-record": 0.4224137931034483,
    "irr-JPIRR-all-newcomer-no-record": 0.4224137931034483,
    "irr-BBOI-all-newcomer-no-record": 0.4224137931034483,
    "irr-PANIX-all-newcomer-no-record": 0.4224137931034483,
    "irr-ALTDB-all-newcomer-no-record": 0.4224137931034483,
    "irr-WCGDB-all-newcomer-no-record": 0.4224137931034483,
    "irr-OPENFACE-all-newcomer-no-record": 0.4224137931034483,
    "irr-LEVEL3-all-oldcomer-no-record": 0.41810344827586204,
    "irr-PANIX-all-oldcomer-no-record": 0.41810344827586204,
    "irr-IDNIC-all-oldcomer-no-record": 0.41810344827586204,
    "irr-AFRINIC-all-oldcomer-no-record": 0.41810344827586204,
    "irr-BBOI-all-oldcomer-no-record": 0.41810344827586204,
    "irr-NESTEGG-all-oldcomer-no-record": 0.41810344827586204,
    "irr-CANARIE-all-oldcomer-no-record": 0.41810344827586204,
    "irr-BELL-all-oldcomer-no-record": 0.41810344827586204,
    "irr-JPIRR-all-oldcomer-no-record": 0.41810344827586204,
    "irr-REACH-all-oldcomer-no-record": 0.41810344827586204,
    "irr-WCGDB-all-oldcomer-no-record": 0.41810344827586204,
    "irr-OPENFACE-all-oldcomer-no-record": 0.41810344827586204,
    "irr-NTTCOM-all-oldcomer-no-record": 0.41379310344827586,
    "irr-RIPE-NONAUTH-all-oldcomer-no-record": 0.41379310344827586,
    "irr-ALTDB-all-oldcomer-no-record": 0.40948275862068967,
    "irr-APNIC-all-oldcomer-no-record": 0.38362068965517243,
    "irr-ARIN-all-oldcomer-no-record": 0.3793103448275862,
    "irr-RIPE-all-oldcomer-no-record": 0.375,
    "irr-RADB-all-oldcomer-no-record": 0.1896551724137931,
    "irr-TC-all-oldcomer-no-record": 0.1810344827586207,
    "prefix-small-edit-distance": 0.04741379310344827,
    "irr-RADB-some-newcomer-no-record": 0.03017241379310345,
    "rpki-some-oldcomer-invalid-roa": 0.017241379310344827,
    "irr-RADB-some-oldcomer-no-record": 0.01293103448275862,
    "irr-LACNIC-some-oldcomer-no-record": 0.008620689655172414,
    "rpki-all-oldcomer-invalid-roa": 0.004310344827586207
  },
  "tr_na": {
    "oldcomers-always-on-newcomer-originated-paths": 0.9353448275862069,
    "rpki-newcomer-invalid-roa-due-to-as": 0.5301724137931034,
    "rpki-some-oldcomer-valid-roa": 0.5258620689655172,
    "rpki-all-oldcomer-valid-roa": 0.5129310344827587,
    "rpki-all-newcomer-unknown-roa": 0.47413793103448276,
    "rpki-some-newcomer-unknown-roa": 0.47413793103448276,
    "rpki-all-oldcomer-unknown-roa": 0.46120689655172414,
    "rpki-some-oldcomer-unknown-roa": 0.46120689655172414,
    "oldcomer-path-prepending": 0.3922413793103448,
    "irr-RADB-all-oldcomer-more-specific-record": 0.3620689655172414,
    "irr-RADB-all-oldcomer-exact-record": 0.27586206896551724,
    "all-victims-stub-ases": 0.2672413793103448,
    "some-victims-stub-ases": 0.2672413793103448,
    "irr-TC-all-oldcomer-exact-record": 0.23275862068965517,
    "outdated-info": 0.22844827586206898,
    "some-newcomers-stub-ases": 0.1853448275862069,
    "all-newcomers-stub-ases": 0.1724137931034483,
    "has-private-asn": 0.0603448275862069,
    "previously-announced-by-some-newcomers": 0.05172413793103448,
    "some-newcomers-private-asn": 0.05172413793103448,
    "irr-ARIN-all-oldcomer-exact-record": 0.04310344827586207,
    "some-newcomers-are-rel-neighbor": 0.03879310344827586,
    "some-newcomers-are-rel-upstream": 0.03879310344827586,
    "some-newcomers-are-providers": 0.03879310344827586,
    "irr-RIPE-all-oldcomer-exact-record": 0.034482758620689655,
    "irr-RADB-some-newcomer-exact-record": 0.03017241379310345,
    "irr-APNIC-all-oldcomer-more-specific-record": 0.03017241379310345,
    "newcomer-more-specific": 0.021551724137931036,
    "newcomers-always-on-oldcomer-originated-paths": 0.021551724137931036,
    "irr-ARIN-all-oldcomer-more-specific-record": 0.017241379310344827,
    "rpki-oldcomer-invalid-roa-due-to-as": 0.01293103448275862,
    "some-siblings": 0.008620689655172414,
    "irr-LACNIC-all-oldcomer-more-specific-record": 0.008620689655172414,
    "irr-RADB-some-oldcomer-more-specific-record": 0.008620689655172414,
    "irr-LACNIC-some-oldcomer-more-specific-record": 0.008620689655172414,
    "irr-ALTDB-all-oldcomer-more-specific-record": 0.008620689655172414,
    "irr-RIPE-all-oldcomer-more-specific-record": 0.008620689655172414,
    "rpki-some-newcomer-valid-roa": 0.004310344827586207,
    "rpki-oldcomer-invalid-roa-due-to-length": 0.004310344827586207,
    "irr-RADB-some-oldcomer-exact-record": 0.004310344827586207,
    "irr-APNIC-all-oldcomer-exact-record": 0.004310344827586207,
    "irr-RIPE-NONAUTH-all-oldcomer-more-specific-record": 0.004310344827586207,
    "irr-NTTCOM-all-oldcomer-more-specific-record": 0.004310344827586207,
    "irr-TC-all-oldcomer-more-specific-record": 0.004310344827586207,
    "single-Tier-1-upstream-on-subpaths-2-hops": 0.004310344827586207
  }
}