{
  "tr_no": {
    "previously-announced-by-all-newcomers": 0.029154518950437316,
    "irr-RADB-all-newcomer-exact-record": 0.014577259475218658,
    "irr-RIPE-all-newcomer-exact-record": 0.0029154518950437317
  },
  "tr_yes": {
    "not-previously-announced-by-any-newcomer": 1.0,
    "irr-LACNIC-all-newcomer-no-record": 0.9271137026239067,
    "irr-LACNIC-all-oldcomer-no-record": 0.6268221574344023,
    "hegemony-valley-paths": 0.5918367346938775,
    "irr-RADB-all-newcomer-no-record": 0.5306122448979592,
    "prefix-small-edit-distance": 0.39941690962099125,
    "irr-BELL-all-newcomer-no-record": 0.2886297376093295,
    "irr-ALTDB-all-newcomer-no-record": 0.2886297376093295,
    "irr-NESTEGG-all-newcomer-no-record": 0.2886297376093295,
    "irr-JPIRR-all-newcomer-no-record": 0.2886297376093295,
    "irr-CANARIE-all-newcomer-no-record": 0.2886297376093295,
    "irr-ARIN-all-newcomer-no-record": 0.2886297376093295,
    "irr-NTTCOM-all-newcomer-no-record": 0.2886297376093295,
    "irr-REACH-all-newcomer-no-record": 0.2886297376093295,
    "irr-BBOI-all-newcomer-no-record": 0.2886297376093295,
    "irr-LEVEL3-all-newcomer-no-record": 0.2886297376093295,
    "irr-WCGDB-all-newcomer-no-record": 0.2886297376093295,
    "irr-OPENFACE-all-newcomer-no-record": 0.2886297376093295,
    "irr-APNIC-all-newcomer-no-record": 0.2886297376093295,
    "irr-PANIX-all-newcomer-no-record": 0.2886297376093295,
    "irr-TC-all-newcomer-no-record": 0.2886297376093295,
    "irr-AFRINIC-all-newcomer-no-record": 0.2886297376093295,
    "irr-IDNIC-all-newcomer-no-record": 0.2886297376093295,
    "irr-RIPE-all-newcomer-no-record": 0.2857142857142857,
    "irr-RIPE-NONAUTH-all-newcomer-no-record": 0.27405247813411077,
    "irr-RADB-all-oldcomer-no-record": 0.25072886297376096,
    "irr-LEVEL3-all-oldcomer-no-record": 0.23323615160349853,
    "irr-NESTEGG-all-oldcomer-no-record": 0.23323615160349853,
    "irr-OPENFACE-all-oldcomer-no-record": 0.23323615160349853,
    "irr-BBOI-all-oldcomer-no-record": 0.23323615160349853,
    "irr-REACH-all-oldcomer-no-record": 0.23323615160349853,
    "irr-AFRINIC-all-oldcomer-no-record": 0.23323615160349853,
    "irr-RIPE-NONAUTH-all-oldcomer-no-record": 0.23323615160349853,
    "irr-RIPE-all-oldcomer-no-record": 0.23323615160349853,
    "irr-IDNIC-all-oldcomer-no-record": 0.23323615160349853,
    "irr-TC-all-oldcomer-no-record": 0.23323615160349853,
    "irr-JPIRR-all-oldcomer-no-record": 0.23323615160349853,
    "irr-CANARIE-all-oldcomer-no-record": 0.23323615160349853,
    "irr-BELL-all-oldcomer-no-record": 0.23323615160349853,
    "irr-WCGDB-all-oldcomer-no-record": 0.23323615160349853,
    "irr-PANIX-all-oldcomer-no-record": 0.23323615160349853,
    "irr-APNIC-all-oldcomer-no-record": 0.2303206997084548,
    "irr-ARIN-all-oldcomer-no-record": 0.2303206997084548,
    "irr-NTTCOM-all-oldcomer-no-record": 0.22740524781341107,
    "irr-ALTDB-all-oldcomer-no-record": 0.22740524781341107,
    "rpki-all-newcomer-invalid-roa": 0.119533527696793,
    "rpki-some-newcomer-invalid-roa": 0.119533527696793,
    "rpki-all-oldcomer-invalid-roa": 0.014577259475218658,
    "rpki-some-oldcomer-invalid-roa": 0.014577259475218658,
    "origin-small-edit-distance": 0.0058309037900874635,
    "irr-RADB-some-oldcomer-no-record": 0.0058309037900874635,
    "all-newcomers-next-to-an-oldcomer": 0.0029154518950437317
  },
  "tr_na": {
    "rpki-some-newcomer-unknown-roa": 0.8833819241982507,
    "rpki-all-newcomer-unknown-roa": 0.8833819241982507,
    "rpki-some-oldcomer-unknown-roa": 0.6530612244897959,
    "rpki-all-oldcomer-unknown-roa": 0.6530612244897959,
    "some-victims-stub-ases": 0.4897959183673469,
    "all-victims-stub-ases": 0.4839650145772595,
    "outdated-info": 0.39067055393586003,
    "irr-RADB-all-newcomer-more-specific-record": 0.3848396501457726,
    "all-origins-same-country": 0.3556851311953353,
    "newcomer-more-specific": 0.34110787172011664,
    "irr-RADB-all-oldcomer-exact-record": 0.29737609329446063,
    "oldcomer-path-prepending": 0.20408163265306123,
    "rpki-newcomer-invalid-roa-due-to-as": 0.119533527696793,
    "irr-RADB-all-oldcomer-more-specific-record": 0.11370262390670553,
    "rpki-some-oldcomer-valid-roa": 0.03498542274052478,
    "rpki-all-oldcomer-valid-roa": 0.03498542274052478,
    "oldcomers-always-on-newcomer-originated-paths": 0.03206997084548105,
    "previously-announced-by-some-newcomers": 0.029154518950437316,
    "has-dps-asn": 0.02040816326530612,
    "rpki-oldcomer-invalid-roa-due-to-as": 0.014577259475218658,
    "newcomers-always-on-oldcomer-originated-paths": 0.014577259475218658,
    "irr-RIPE-NONAUTH-all-newcomer-more-specific-record": 0.014577259475218658,
    "has-private-asn": 0.011661807580174927,
    "irr-RADB-some-oldcomer-exact-record": 0.0058309037900874635,
    "irr-RADB-some-oldcomer-more-specific-record": 0.0058309037900874635,
    "irr-ALTDB-all-oldcomer-exact-record": 0.0058309037900874635,
    "irr-NTTCOM-all-oldcomer-exact-record": 0.0058309037900874635,
    "irr-ALTDB-all-oldcomer-more-specific-record": 0.0058309037900874635,
    "skipped-pfx-event": 0.0029154518950437317,
    "irr-ARIN-all-oldcomer-exact-record": 0.0029154518950437317,
    "irr-APNIC-all-oldcomer-exact-record": 0.0029154518950437317
  }
}