{
  "tr_no": {
    "irr-RADB-all-newcomer-exact-record": 0.2,
    "previously-announced-by-all-newcomers": 0.03333333333333333,
    "irr-AFRINIC-all-newcomer-exact-record": 0.004761904761904762
  },
  "tr_yes": {
    "not-previously-announced-by-any-newcomer": 1.0,
    "irr-LACNIC-all-newcomer-no-record": 0.8047619047619048,
    "irr-RADB-all-newcomer-no-record": 0.580952380952381,
    "hegemony-valley-paths": 0.5190476190476191,
    "prefix-small-edit-distance": 0.34285714285714286,
    "irr-LACNIC-all-oldcomer-no-record": 0.2761904761904762,
    "rpki-some-newcomer-invalid-roa": 0.2619047619047619,
    "rpki-all-newcomer-invalid-roa": 0.24761904761904763,
    "irr-RADB-all-oldcomer-no-record": 0.12857142857142856,
    "irr-IDNIC-all-newcomer-no-record": 0.12857142857142856,
    "irr-ARIN-all-newcomer-no-record": 0.12857142857142856,
    "irr-CANARIE-all-newcomer-no-record": 0.12857142857142856,
    "irr-TC-all-newcomer-no-record": 0.12857142857142856,
    "irr-BELL-all-newcomer-no-record": 0.12857142857142856,
    "irr-APNIC-all-newcomer-no-record": 0.12857142857142856,
    "irr-JPIRR-all-newcomer-no-record": 0.12857142857142856,
    "irr-RIPE-all-newcomer-no-record": 0.12857142857142856,
    "irr-NTTCOM-all-newcomer-no-record": 0.12857142857142856,
    "irr-NESTEGG-all-newcomer-no-record": 0.12857142857142856,
    "irr-WCGDB-all-newcomer-no-record": 0.12857142857142856,
    "irr-OPENFACE-all-newcomer-no-record": 0.12857142857142856,
    "irr-ALTDB-all-newcomer-no-record": 0.12857142857142856,
    "irr-PANIX-all-newcomer-no-record": 0.12857142857142856,
    "irr-BBOI-all-newcomer-no-record": 0.12857142857142856,
    "irr-LEVEL3-all-newcomer-no-record": 0.12857142857142856,
    "irr-RIPE-NONAUTH-all-newcomer-no-record": 0.12857142857142856,
    "irr-REACH-all-newcomer-no-record": 0.12857142857142856,
    "irr-AFRINIC-all-newcomer-no-record": 0.12380952380952381,
    "irr-ALTDB-all-oldcomer-no-record": 0.02857142857142857,
    "irr-ARIN-all-oldcomer-no-record": 0.02857142857142857,
    "irr-OPENFACE-all-oldcomer-no-record": 0.02857142857142857,
    "irr-RIPE-NONAUTH-all-oldcomer-no-record": 0.02857142857142857,
    "irr-LEVEL3-all-oldcomer-no-record": 0.02857142857142857,
    "irr-WCGDB-all-oldcomer-no-record": 0.02857142857142857,
    "irr-AFRINIC-all-oldcomer-no-record": 0.02857142857142857,
    "irr-CANARIE-all-oldcomer-no-record": 0.02857142857142857,
    "irr-NTTCOM-all-oldcomer-no-record": 0.02857142857142857,
    "irr-NESTEGG-all-oldcomer-no-record": 0.02857142857142857,
    "irr-BELL-all-oldcomer-no-record": 0.02857142857142857,
    "irr-IDNIC-all-oldcomer-no-record": 0.02857142857142857,
    "irr-BBOI-all-oldcomer-no-record": 0.02857142857142857,
    "irr-PANIX-all-oldcomer-no-record": 0.02857142857142857,
    "irr-APNIC-all-oldcomer-no-record": 0.02857142857142857,
    "irr-JPIRR-all-oldcomer-no-record": 0.02857142857142857,
    "irr-REACH-all-oldcomer-no-record": 0.02857142857142857,
    "irr-TC-all-oldcomer-no-record": 0.02857142857142857,
    "rpki-some-oldcomer-invalid-roa": 0.023809523809523808,
    "rpki-all-oldcomer-invalid-roa": 0.023809523809523808,
    "irr-RIPE-all-oldcomer-no-record": 0.023809523809523808,
    "irr-RADB-some-oldcomer-no-record": 0.009523809523809525,
    "all-newcomers-next-to-an-oldcomer": 0.004761904761904762
  },
  "tr_na": {
    "rpki-all-newcomer-unknown-roa": 0.7380952380952381,
    "rpki-some-newcomer-unknown-roa": 0.7380952380952381,
    "newcomer-more-specific": 0.6904761904761905,
    "outdated-info": 0.6666666666666666,
    "all-origins-same-country": 0.6190476190476191,
    "some-victims-stub-ases": 0.38095238095238093,
    "all-victims-stub-ases": 0.38095238095238093,
    "rpki-some-oldcomer-unknown-roa": 0.36666666666666664,
    "rpki-all-oldcomer-unknown-roa": 0.36666666666666664,
    "rpki-newcomer-invalid-roa-due-to-as": 0.2619047619047619,
    "single-Tier-1-upstream-on-subpaths-1-hop": 0.2571428571428571,
    "irr-RADB-all-oldcomer-exact-record": 0.12380952380952381,
    "oldcomer-path-prepending": 0.08571428571428572,
    "rpki-all-oldcomer-valid-roa": 0.08095238095238096,
    "rpki-some-oldcomer-valid-roa": 0.08095238095238096,
    "previously-announced-by-some-newcomers": 0.03333333333333333,
    "irr-RADB-all-newcomer-more-specific-record": 0.03333333333333333,
    "rpki-oldcomer-invalid-roa-due-to-as": 0.023809523809523808,
    "irr-RADB-all-oldcomer-more-specific-record": 0.01904761904761905,
    "has-dps-asn": 0.01904761904761905,
    "rpki-some-newcomer-valid-roa": 0.014285714285714285,
    "single-Tier-1-upstream-on-subpaths-2-hops": 0.009523809523809525,
    "irr-RADB-some-oldcomer-exact-record": 0.004761904761904762,
    "irr-RADB-some-oldcomer-more-specific-record": 0.004761904761904762,
    "newcomers-always-on-oldcomer-originated-paths": 0.004761904761904762,
    "oldcomers-always-on-newcomer-originated-paths": 0.004761904761904762,
    "irr-RIPE-all-oldcomer-exact-record": 0.004761904761904762
  }
}